,Unnamed: 0.1,Unnamed: 0,lower_price,upper_price,cooking_type,country,state,county,postcode,chef,city,online_booking,restaurant_name,latitude,longitude,stars,sustainable,michelin_link,restaurant_website,monday,tuesday,wednesday,thursday,friday,saturday,sunday,days_open,wine_card,vegetarian,accessible,nice_view,classic,creative,modern,french,stars_cat,other
1,1,1,85.0,245.0,Kreativ,be,,Brussel-Hoofdstad - Bruxelles-Capitale,1050.0,,Brüssel,False,La Villa Lorraine by Yves Mattagne,50.7995482,4.3784961,2,0,https://guide.michelin.com/de/de/bruxelles-capitale/bruxelles/restaurant/la-villa-lorraine-by-yves-mattagne,https://www.lavillalorraine.be/,geschlossen,19:00-23:30,19:00-23:30,19:00-23:30,19:00-23:30,19:00-23:30,geschlossen,5.0,1,0,1,0,0,1,0,0,0,0
21,24,4,52.0,185.0,Französisch modern,be,Vlaams-Brabant,Leuven,3271.0,Thijs Vervloet,Averbode,False,Colette - De Vijvers,51.0295141,4.9904679,2,0,https://guide.michelin.com/de/de/vlaams-brabant/averbode/restaurant/colette-de-vijvers,https://www.restaurantcolette.be/,19:00-20:30,geschlossen,geschlossen,19:00-20:30,19:00-20:30,19:00-20:30,19:00-20:30,5.0,0,0,0,1,0,0,1,1,0,0
25,28,8,100.0,232.0,Kreativ,be,West-Vlaanderen,Roeselare,8870.0,Angelo Rosseel,Izegem,False,La Durée,50.9120191,3.1957708,2,0,https://guide.michelin.com/de/de/west-vlaanderen/izegem/restaurant/la-duree,https://www.laduree.be/nl,geschlossen,19:00-20:00,19:00-20:00,19:00-20:00,19:00-20:00,19:00-20:00,geschlossen,5.0,1,1,0,0,0,1,0,0,0,0
27,30,10,85.0,170.0,Französisch klassisch,be,Hainaut,Mons,7331.0,Eric Fernez,Baudour,False,d'Eugénie à Emilie,50.4833038,3.8379089,2,0,https://guide.michelin.com/de/de/hainaut/baudour/restaurant/d-eugenie-a-emilie,https://fernez.com/deugenie-a-emilie/,geschlossen,geschlossen,geschlossen,19:00-00:00,19:00-00:00,19:00-00:00,12:00-15:00,4.0,1,0,0,0,1,0,0,1,0,0
29,32,12,175.0,215.0,Kreativ,be,Limburg,Maaseik,3920.0,Jan Tournier,Lommel,False,Cuchara,51.2309534,5.3097212,2,0,https://guide.michelin.com/de/de/be-limburg/lommel/restaurant/cuchara,https://www.cuchara.be/2020/,geschlossen,geschlossen,18:30-23:00,12:00-23:00,12:00-23:00,18:30-23:00,geschlossen,4.0,0,0,0,0,0,1,0,0,0,0
32,36,16,100.0,243.0,Modern,be,Hainaut,Ath,7890.0,Jean-Baptiste Thomaes,Ellezelles,False,Château du Mylord,50.7298541,3.6736201,2,0,https://guide.michelin.com/de/de/hainaut/ellezelles/restaurant/chateau-du-mylord,https://mylord.be/,geschlossen,geschlossen,19:00-00:00,19:00-00:00,19:00-00:00,19:00-00:00,12:00-16:30,5.0,1,0,0,0,0,0,1,0,0,0
36,41,1,100.0,160.0,Französisch kreativ,be,West-Vlaanderen,Roeselare,8800.0,Tim Boury,Roeselare,False,Boury,50.9374466,3.1403981,3,0,https://guide.michelin.com/de/de/west-vlaanderen/roeselare/restaurant/boury,https://www.restaurantboury.be/,geschlossen,geschlossen,19:00-20:00,19:00-20:00,19:00-20:00,19:00-20:00,geschlossen,4.0,1,1,0,0,0,1,0,1,1,0
56,62,2,75.0,315.0,Kreativ,be,West-Vlaanderen,Brugge,8310.0,Filip Claeys,Sint-Kruis,False,De Jonkman,51.207236,3.2777835,2,1,https://guide.michelin.com/de/de/west-vlaanderen/sint-kruis/restaurant/de-jonkman,https://dejonkman.be/nl,geschlossen,geschlossen,19:00-21:00,19:00-21:00,19:00-21:00,19:00-21:00,geschlossen,4.0,1,0,0,0,0,1,0,0,0,0
79,86,6,125.0,295.0,Kreativ,be,Antwerpen,Mechelen,2570.0,Thierry Theys,Duffel,False,Nuance,51.0957136,4.505835,2,0,https://guide.michelin.com/de/de/antwerpen/duffel/restaurant/nuance,https://resto-nuance.be/,19:00-21:00,geschlossen,geschlossen,19:00-21:00,19:00-21:00,19:00-21:00,19:00-21:00,5.0,1,0,0,0,0,1,0,0,0,0
80,88,8,169.0,330.0,Kreativ,be,Antwerpen,Antwerpen,2000.0,Viki Geunes,Antwerpen,False,Zilte,51.228828,4.4047543,3,0,https://guide.michelin.com/de/de/antwerpen/be-antwerpen/restaurant/t-zilte,https://www.zilte.be/,19:00-20:30,19:00-20:30,19:00-20:30,19:00-20:30,19:00-20:30,geschlossen,geschlossen,5.0,1,1,1,1,0,1,0,0,1,0
81,90,10,60.0,165.0,Französisch modern,be,Namur,Namur,5170.0,Pierre Résimont,Arbre,False,L'Eau Vive,50.3636851,4.8469885,2,0,https://guide.michelin.com/de/de/namur/arbre/restaurant/l-eau-vive,https://www.eau-vive.be/,19:00-21:00,geschlossen,geschlossen,19:00-21:00,19:00-21:00,19:00-21:00,19:00-21:00,5.0,1,0,0,1,0,0,1,1,0,0
82,92,12,79.0,207.0,Kreativ,be,,Brussel-Hoofdstad - Bruxelles-Capitale,1180.0,Pascal Devalkeneer,Uccle,False,Le Chalet de la Forêt,50.7842411,4.3868414,2,0,https://guide.michelin.com/de/de/bruxelles-capitale/uccle/restaurant/le-chalet-de-la-foret,https://www.lechaletdelaforet.be/,19:00-21:00,19:00-21:00,19:00-21:00,19:00-21:00,19:00-21:00,geschlossen,geschlossen,5.0,0,0,0,0,0,1,0,0,0,0
86,96,16,95.0,210.0,Kreativ,be,Namur,Namur,5310.0,Sang Hoon Degeimbre,Liernu,False,L'Air du Temps,50.5927328,4.8329862,2,1,https://guide.michelin.com/de/de/namur/liernu/restaurant/l-air-du-temps371956,https://airdutemps.be/,geschlossen,geschlossen,19:00-20:30,19:00-20:30,19:00-20:30,19:00-20:30,19:00-20:30,5.0,1,1,1,0,0,1,0,0,0,0
89,100,0,95.0,205.0,Traditionelle Küche,be,Limburg,Maaseik,3660.0,Bert Meewis,Opglabbeek,False,Slagmolen,51.0431658,5.6159232,2,0,https://guide.michelin.com/de/de/be-limburg/opglabbeek/restaurant/slagmolen,https://slagmolen.be/,19:00-20:30,geschlossen,geschlossen,19:00-20:30,19:00-20:30,19:00-20:30,12:00-13:30,5.0,1,0,0,0,0,0,0,0,0,1
91,102,2,295.0,430.0,Kreativ,be,Oost-Vlaanderen,Oudenaarde,9770.0,Peter Goossens,Kruishoutem,False,Hof van Cleve,50.9039501,3.5098648,3,0,https://guide.michelin.com/de/de/oost-vlaanderen/kruishoutem/restaurant/hof-van-cleve,https://www.hofvancleve.com/,geschlossen,19:00-20:00,19:00-20:00,19:00-20:00,19:00-20:00,19:00-20:00,geschlossen,5.0,1,1,0,1,0,1,0,0,1,0
99,110,10,105.0,255.0,Asiatische Einflüsse,be,,Brussel-Hoofdstad - Bruxelles-Capitale,,David Martin,Anderlecht,False,La Paix,50.8437035,4.3281195,2,0,https://guide.michelin.com/de/de/bruxelles-capitale/anderlecht/restaurant/la-paix203164,https://lapaix.eu/,geschlossen,19:00-20:00,19:00-20:00,19:00-20:00,19:00-20:00,geschlossen,geschlossen,4.0,0,0,0,0,0,0,0,0,0,1
107,119,19,90.0,155.0,Französisch modern,be,West-Vlaanderen,Kortrijk,8791.0,Maarten Bouckaert,Beveren-Leie,False,Castor,50.8720569,3.3430165,2,0,https://guide.michelin.com/de/de/west-vlaanderen/beveren-leie/restaurant/castor,https://www.cas-tor.be/,geschlossen,19:00-20:30,19:00-20:30,19:00-20:30,19:00-20:30,geschlossen,geschlossen,4.0,0,1,1,0,0,0,1,1,0,0
110,122,2,70.0,167.0,Moderne Küche,be,Luxembourg,Neufchâteau,6852.0,Maxime Collard,Our,False,La Table de Maxime,49.959957,5.122613,2,0,https://guide.michelin.com/de/de/be-luxembourg/our/restaurant/la-table-de-maxime,https://www.maximecollard.be/,geschlossen,geschlossen,19:00-20:00,19:00-20:00,19:00-20:00,19:00-20:00,19:00-20:00,5.0,1,0,0,0,0,0,1,0,0,0
112,124,4,130.0,245.0,Kreativ,be,Limburg,Tongeren,3620.0,Ralf Berendsen,Neerharen,False,Ralf Berendsen,50.9152264,5.6676398,2,0,https://guide.michelin.com/de/de/be-limburg/neerharen/restaurant/ralf-berendsen,https://www.labutteauxbois.be/restaurant-ralfberendsen/,geschlossen,geschlossen,19:00-21:00,19:00-21:00,19:00-21:00,19:00-21:00,geschlossen,4.0,1,0,1,0,0,1,0,0,0,0
122,135,15,69.0,203.0,Kreativ,be,Oost-Vlaanderen,Gent,9000.0,Michaël Vrijmoed,Gent,False,Vrijmoed,51.0511061,3.7288256,2,0,https://guide.michelin.com/de/de/oost-vlaanderen/gent/restaurant/vrijmoed,https://www.vrijmoed.be/nl,geschlossen,19:00-21:30,19:00-21:30,19:00-21:30,19:00-21:30,geschlossen,geschlossen,4.0,1,1,0,0,0,1,0,0,0,0
123,136,16,75.0,185.0,Französisch modern,be,,Brussel-Hoofdstad - Bruxelles-Capitale,1000.0,Karen Torosyan,Brüssel,False,Bozar Restaurant,50.8442546,4.3598443,2,0,https://guide.michelin.com/de/de/bruxelles-capitale/bruxelles/restaurant/bozar-restaurant,https://bozarrestaurant.be/,geschlossen,19:00-21:00,19:00-21:00,19:00-21:00,19:00-21:00,19:00-21:00,geschlossen,5.0,0,0,0,0,0,0,1,1,0,0
135,12,12,330.0,395.0,Kreativ,fr,Provence-Alpes-Côte d'Azur,Var,83990.0,Arnaud Donckele,Saint-Tropez,False,La Vague d'Or - Cheval Blanc St-Tropez,43.2665849,6.6261535,3,0,https://guide.michelin.com/de/de/provence-alpes-cote-dazur/saint-tropez/restaurant/la-vague-d-or-cheval-blanc-st-tropez,https://www.chevalblanc.com/fr/maison/st-tropez/,,,,,,,,,1,0,1,1,0,1,0,0,1,0
146,23,3,239.0,389.0,Kreativ,fr,Auvergne-Rhône-Alpes,Savoie,73440.0,René Meilleur,Saint-Martin-de-Belleville,False,René et Maxime Meilleur,45.3690463,6.5133065,3,0,https://guide.michelin.com/de/de/auvergne-rhone-alpes/saint-martin-de-belleville/restaurant/rene-et-maxime-meilleur,https://www.la-bouitte.com/fr/,,,,,,,,,1,0,0,1,0,1,0,0,1,0
151,28,8,115.0,390.0,Moderne Küche,fr,Grand Est,Marne,51100.0,Philippe Mille,Reims,False,Le Parc Les Crayères,49.2410909,4.0517461,2,0,https://guide.michelin.com/de/de/grand-est/reims/restaurant/le-parc-les-crayeres,http://www.lescrayeres.com,,,,,,,,,1,1,0,0,0,0,1,0,0,0
156,33,13,98.0,395.0,Moderne Küche,fr,Île-de-France,Paris,75001.0,Kei Kobayashi,Paris,False,Kei,48.8643947,2.3422847,3,0,https://guide.michelin.com/de/de/ile-de-france/paris/restaurant/kei,https://www.restaurant-kei.fr/,geschlossen,19:45-20:45,19:45-20:45,19:45-20:45,19:45-20:45,19:45-20:45,geschlossen,5.0,0,0,0,0,0,0,1,0,1,0
159,36,16,205.0,235.0,Kreativ,fr,Occitanie,Aude,11360.0,Gilles Goujon,Fontjoncouse,False,Auberge du Vieux Puits,43.0481728,2.7893292,3,0,https://guide.michelin.com/de/de/occitanie/fontjoncouse/restaurant/auberge-du-vieux-puits,https://www.aubergeduvieuxpuits.fr/fr/,,,,,,,,,1,0,1,0,0,1,0,0,1,0
164,41,1,190.0,250.0,Kreativ,fr,Auvergne-Rhône-Alpes,Haute-Loire,43290.0,Jacques Marcon,Saint-Bonnet-le-Froid,False,Régis et Jacques Marcon,45.1386734,4.4342679,3,1,https://guide.michelin.com/de/de/auvergne-rhone-alpes/saint-bonnet-le-froid/restaurant/regis-et-jacques-marcon,https://www.lesmaisonsmarcon.fr/,12:00-19:30,geschlossen,geschlossen,12:00-19:30,12:00-19:30,12:00-19:30,12:00-19:30,5.0,1,0,1,1,0,1,0,0,1,0
195,72,12,80.0,220.0,Moderne Küche,fr,Nouvelle-Aquitaine,Gironde,33330.0,,Saint-Emilion,False,La Table de Pavie,44.8935395,-0.1567502,2,0,https://guide.michelin.com/de/de/nouvelle-aquitaine/saint-milion/restaurant/la-table-de-pavie,http://www.hoteldepavie.com,geschlossen,19:30-21:00,19:30-21:00,19:30-21:00,19:30-21:00,19:30-21:00,geschlossen,5.0,1,0,1,0,0,0,1,0,0,0
197,74,14,200.0,310.0,Klassische Küche,fr,Auvergne-Rhône-Alpes,Métropole de Lyon,69660.0,Olivier Couvin & Gilles Reinhardt,Collonges-au-Mont-d'Or,False,Paul Bocuse,45.8156437,4.8475623,2,0,https://guide.michelin.com/de/de/auvergne-rhone-alpes/collonges-au-mont-d-or/restaurant/paul-bocuse,http://www.bocuse.fr,geschlossen,geschlossen,20:00-21:30,20:00-21:30,20:00-21:30,20:00-21:30,20:00-21:30,5.0,1,1,1,0,1,0,0,0,0,0
200,77,17,145.0,290.0,Kreativ,fr,Provence-Alpes-Côte d'Azur,Alpes-Maritimes,6360.0,Arnaud Faye,Èze,False,La Chèvre d'Or,43.727378,7.3620885,2,0,https://guide.michelin.com/de/de/provence-alpes-cote-dazur/ze/restaurant/la-chevre-d-or,https://www.chevredor.com/,,,,,,,,,1,1,0,1,0,1,0,0,0,0
203,80,0,145.0,355.0,Kreativ,fr,Grand Est,Marne,51430.0,Arnaud Lallement,Reims,False,Assiette Champenoise,49.2478347,4.0032666,3,0,https://guide.michelin.com/de/de/grand-est/reims/restaurant/assiette-champenoise,https://www.assiettechampenoise.com/,,,,,,,,,1,1,1,0,0,1,0,0,1,0
207,84,4,60.0,170.0,Kreativ,fr,Auvergne-Rhône-Alpes,Métropole de Lyon,69006.0,Takao Takano,Lyon,False,Takao Takano,45.7704797,4.842588,2,0,https://guide.michelin.com/de/de/auvergne-rhone-alpes/lyon/restaurant/takao-takano,https://www.takaotakano.com/,19:30-21:00,19:30-21:00,19:30-21:00,19:30-21:00,19:30-21:00,geschlossen,geschlossen,5.0,1,1,1,0,0,1,0,0,0,0
210,87,7,120.0,190.0,Kreativ,fr,Auvergne-Rhône-Alpes,Métropole de Lyon,69006.0,Christophe Roure,Lyon,False,Le Neuvième Art,45.767953,4.8564194,2,0,https://guide.michelin.com/de/de/auvergne-rhone-alpes/lyon/restaurant/le-neuvieme-art,http://www.leneuviemeart.com/fr,geschlossen,19:30-21:00,19:30-21:00,19:30-21:00,19:30-21:00,19:30-21:00,geschlossen,5.0,1,0,1,0,0,1,0,0,0,0
219,96,16,130.0,340.0,Kreativ,fr,Auvergne-Rhône-Alpes,Loire,42155.0,César Troisgros,Ouches,False,Troisgros - Le Bois sans Feuilles,46.01033,3.99236,3,1,https://guide.michelin.com/de/de/auvergne-rhone-alpes/ouches/restaurant/troisgros-le-bois-sans-feuilles,https://www.troisgros.com/,geschlossen,geschlossen,19:30-20:30,19:30-20:30,19:30-20:30,19:30-20:30,19:30-20:30,5.0,1,1,1,0,0,1,0,0,1,0
221,98,18,225.0,290.0,Fisch und Meeresfrüchte,fr,Nouvelle-Aquitaine,Charente-Maritime,17000.0,Christopher Coutanceau,La Rochelle,False,Christopher Coutanceau,46.1557284,-1.1609135,2,1,https://guide.michelin.com/de/de/nouvelle-aquitaine/la-rochelle/restaurant/christopher-coutanceau,http://www.christophercoutanceau.com/fr/,,,,,,,,,1,0,1,1,0,0,0,0,0,1
224,101,1,90.0,203.0,Klassische Küche,fr,Île-de-France,Paris,75017.0,Nicolas Beaumann,Paris,False,Maison Rostang,48.8813365,2.2985338,2,0,https://guide.michelin.com/de/de/ile-de-france/paris/restaurant/maison-rostang,https://www.maisonrostang.com/,geschlossen,19:30-21:30,19:30-21:30,19:30-21:30,19:30-21:30,19:30-21:30,geschlossen,5.0,1,0,0,0,1,0,0,0,0,0
239,116,16,190.0,270.0,Moderne Küche,fr,Corse,Corse-du-Sud,20137.0,Fabio Bragagnolo,Porto-Vecchio,False,Casadelmar,41.5948102,9.3099771,2,0,https://guide.michelin.com/de/de/corse/porto-vecchio/restaurant/casadelmar,https://www.casadelmar.fr/fr/,,,,,,,,,1,0,1,1,0,0,1,0,0,0
242,119,19,148.0,238.0,Kreativ,fr,Auvergne-Rhône-Alpes,Haute-Savoie,74940.0,Franck Derouet,Annecy,False,Le Clos des Sens,45.9176317,6.1445765,3,1,https://guide.michelin.com/de/de/auvergne-rhone-alpes/annecy/restaurant/le-clos-des-sens,https://www.closdessens.com/,,,,,,,,,1,1,1,0,0,1,0,0,1,0
243,120,0,140.0,230.0,Kreativ,fr,Pays de la Loire,Vendée,85330.0,Alexandre Couillon,L'Herbaudière,False,La Marine,47.0237104,-2.2999341,3,1,https://guide.michelin.com/de/de/pays-de-la-loire/l-herbaudire/restaurant/la-marine3780,https://www.alexandrecouillon.com/fr/,geschlossen,geschlossen,19:15-20:15,19:15-20:15,19:15-20:15,19:15-20:15,geschlossen,4.0,1,0,1,0,0,1,0,0,1,0
252,129,9,180.0,350.0,Kreativ,fr,Provence-Alpes-Côte d'Azur,Bouches-du-Rhône,13260.0,Dimitri Droisneau,Cassis,False,La Villa Madie,43.2110889,5.544944,3,0,https://guide.michelin.com/de/de/provence-alpes-cote-dazur/cassis/restaurant/la-villa-madie,https://lavillamadie.com/,19:30-00:30,geschlossen,geschlossen,19:30-00:30,19:30-00:30,19:30-00:30,19:30-00:30,5.0,1,0,1,1,0,1,0,0,1,0
273,150,10,275.0,310.0,Klassische Küche,fr,Nouvelle-Aquitaine,Landes,40320.0,Michel Guérard,Eugénie-les-Bains,False,Les Prés d'Eugénie - Michel Guérard,43.696604,-0.3797229,3,0,https://guide.michelin.com/de/de/nouvelle-aquitaine/eugnie-les-bains/restaurant/les-pres-d-eugenie-michel-guerard,https://lespresdeugenie.com/,,,,,,,,,1,0,0,0,1,0,0,0,1,0
285,162,2,250.0,350.0,Kreativ,fr,Auvergne-Rhône-Alpes,Savoie,73120.0,Pieter Riedijk,Courchevel,False,Le Montgomerie,45.40243,6.638027,2,0,https://guide.michelin.com/de/de/auvergne-rhone-alpes/courchevel/restaurant/le-montgomerie,https://www.lek2altitude.com/fr/deguster/montgomerie.html,,,,,,,,,1,0,1,1,0,1,0,0,0,0
289,166,6,95.0,145.0,Kreativ,fr,Occitanie,Lozère,48130.0,Cyril Attrazic,Aumont-Aubrac,False,Cyril Attrazic,44.7169426,3.2877885,2,1,https://guide.michelin.com/de/de/occitanie/aumont-aubrac/restaurant/cyril-attrazic,http://cyrilattrazic.fr,geschlossen,geschlossen,19:00-20:30,19:00-20:30,19:00-20:30,19:00-20:30,19:00-20:30,5.0,1,0,1,0,0,1,0,0,0,0
294,171,11,65.0,182.0,Kreativ,fr,Bourgogne-Franche-Comté,Côte-d'Or,21000.0,William Frachot,Dijon,False,William Frachot,47.3212722,5.0356396,2,0,https://guide.michelin.com/de/de/bourgogne-franche-comte/dijon/restaurant/william-frachot,https://www.chapeau-rouge.fr/fr/restaurant-gastronomique-dijon,geschlossen,19:30-21:00,19:30-21:00,19:30-21:00,19:30-21:00,19:30-21:00,geschlossen,5.0,1,0,1,0,0,1,0,0,0,0
300,177,17,95.0,300.0,Klassische Küche,fr,Auvergne-Rhône-Alpes,Métropole de Lyon,69001.0,Mathieu Viannay,Lyon,False,Mère Brazier,45.7714309,4.8372034,2,0,https://guide.michelin.com/de/de/auvergne-rhone-alpes/lyon/restaurant/mere-brazier,http://www.lamerebrazier.fr,19:45-21:15,19:45-21:15,19:45-21:15,19:45-21:15,geschlossen,geschlossen,geschlossen,4.0,1,0,0,0,1,0,0,0,0,0
301,178,18,70.0,150.0,Klassische Küche,fr,Nouvelle-Aquitaine,Landes,40140.0,Jean Coussau,Magescq,False,Relais de la Poste,43.7787609,-1.2178012,2,0,https://guide.michelin.com/de/de/nouvelle-aquitaine/magescq/restaurant/relais-de-la-poste11709,https://www.relaisposte.com/fr/,,,,,,,,,1,0,0,0,1,0,0,0,0,0
304,181,1,195.0,345.0,Moderne Küche,fr,Auvergne-Rhône-Alpes,Savoie,73120.0,Stéphane Buron,Courchevel,False,Le Chabichou by Stéphane Buron,45.41616,6.629984,2,0,https://guide.michelin.com/de/de/auvergne-rhone-alpes/courchevel/restaurant/le-chabichou-by-stephane-buron,https://www.chabichou-courchevel.com/,,,,,,,,,1,0,1,1,0,0,1,0,0,0
307,184,4,250.0,450.0,Kreativ,fr,Auvergne-Rhône-Alpes,Haute-Savoie,74290.0,Yoann Conte,Veyrier-du-Lac,False,Yoann Conte,45.8889235,6.1721868,2,1,https://guide.michelin.com/de/de/auvergne-rhone-alpes/veyrier-du-lac/restaurant/yoann-conte,https://www.yoann-conte.com/,19:00-20:30,19:00-20:30,19:00-20:30,19:00-20:30,19:00-20:30,geschlossen,geschlossen,5.0,1,0,1,1,0,1,0,0,0,0
308,185,5,145.0,190.0,Fisch und Meeresfrüchte,fr,Bretagne,Ille-et-Vilaine,35350.0,Hugo Roellinger,Saint-Méloir-des-Ondes,False,Le Coquillage,48.6430654,-1.8711232,2,1,https://guide.michelin.com/de/de/bretagne/saint-mloir-des-ondes/restaurant/le-coquillage,https://www.roellinger-bricourt.com,geschlossen,19:30-20:15,19:30-20:15,19:30-20:15,19:30-20:15,19:30-20:15,geschlossen,5.0,1,0,0,1,0,0,0,0,0,1
322,199,19,98.0,218.0,Moderne Küche,fr,Centre-Val de Loire,Loir-et-Cher,41000.0,Christophe Hay,Blois,False,Christophe Hay - Fleur de Loire,47.5830038,1.3375763,2,1,https://guide.michelin.com/de/de/centre-val-de-loire/blois/restaurant/christophe-hay-fleur-de-loire,http://www.fleurdeloire.com,geschlossen,19:15-21:30,19:15-21:30,19:15-21:30,19:15-21:30,19:15-21:30,geschlossen,5.0,1,1,1,0,0,0,1,0,0,0
324,201,1,150.0,330.0,Moderne Küche,fr,Île-de-France,Paris,75016.0,Frédéric Anton,Paris,False,Le Pré Catelan,48.8639374,2.2507182,3,0,https://guide.michelin.com/de/de/ile-de-france/paris/restaurant/le-pre-catelan,https://www.leprecatelan.com/,,,,,,,,,1,0,1,0,0,0,1,0,1,0
325,202,2,240.0,360.0,Moderne Küche,fr,Île-de-France,Paris,75012.0,Bruno Verjus,Paris,False,Table - Bruno Verjus,48.8486151,2.3759654,2,1,https://guide.michelin.com/de/de/ile-de-france/paris/restaurant/table-bruno-verjus,http://www.table.paris,geschlossen,19:30-22:00,19:30-22:00,19:30-22:00,19:30-22:00,geschlossen,geschlossen,4.0,1,1,0,0,0,0,1,0,0,0
333,211,11,355.0,415.0,Kreativ,fr,Auvergne-Rhône-Alpes,Savoie,73120.0,Yannick Alléno,Courchevel,False,Le 1947 à Cheval Blanc,45.4094877,6.6338696,3,0,https://guide.michelin.com/de/de/auvergne-rhone-alpes/courchevel/restaurant/le-1947,https://www.chevalblanc.com/fr/maison/courchevel/,,,,,,,,,1,0,1,1,0,1,0,0,1,0
337,216,16,95.0,195.0,Moderne Küche,fr,Occitanie,Aude,11000.0,Franck Putelat,Carcassonne,False,La Table de Franck Putelat,43.2013363,2.3603104,2,0,https://guide.michelin.com/de/de/occitanie/carcassonne/restaurant/la-table-de-franck-putelat,https://www.franckputelat.com/,,,,,,,,,1,1,1,0,0,0,1,0,0,0
343,222,2,166.0,440.0,Kreativ,fr,Île-de-France,Paris,75008.0,Jean-François Piège,Paris,False,Le Grand Restaurant - Jean-François Piège,48.8701983,2.3193146,2,0,https://guide.michelin.com/de/de/ile-de-france/paris/restaurant/le-grand-restaurant-jean-francois-piege,http://jeanfrancoispiege.com/le-grand-restaurant,19:30-21:30,19:30-21:30,19:30-21:30,19:30-21:30,19:30-21:30,geschlossen,geschlossen,5.0,1,0,1,0,0,1,0,0,0,0
344,223,3,255.0,360.0,Kreativ,fr,Île-de-France,Paris,75001.0,Thierry Marx,Paris,False,Sur Mesure par Thierry Marx,48.8671459,2.3269216,2,0,https://guide.michelin.com/de/de/ile-de-france/paris/restaurant/sur-mesure-par-thierry-marx,http://www.mandarinoriental.fr/paris/fine-dining/sur-mesure-par-thierry-marx/,geschlossen,19:30-21:30,19:30-21:30,19:30-21:30,19:30-21:30,19:30-21:30,geschlossen,5.0,1,1,1,0,0,1,0,0,0,0
349,228,8,260.0,630.0,Moderne Küche,fr,Île-de-France,Paris,75006.0,Guy Savoy,Paris,False,Guy Savoy,48.8566248,2.3391955,2,0,https://guide.michelin.com/de/de/ile-de-france/paris/restaurant/guy-savoy,https://www.guysavoy.com/,geschlossen,19:00-22:30,19:00-22:30,19:00-22:30,19:00-22:30,19:00-22:30,geschlossen,5.0,1,0,1,0,0,0,1,0,0,0
358,238,18,90.0,350.0,Moderne Küche,fr,Provence-Alpes-Côte d'Azur,Alpes-Maritimes,6110.0,Bruno Oger,Le Cannet,False,La Villa Archange,43.5716556,7.014556,2,0,https://guide.michelin.com/de/de/provence-alpes-cote-dazur/le-cannet/restaurant/villa-archange,http://www.bruno-oger.com,,,,,,,,,0,0,1,0,0,0,1,0,0,0
360,241,1,88.0,238.0,Kreativ,fr,Île-de-France,Paris,75008.0,Jérôme Banctel,Paris,False,Le Gabriel - La Réserve Paris,48.8697309,2.3132078,2,0,https://guide.michelin.com/de/de/ile-de-france/paris/restaurant/le-gabriel476630,https://www.lareserve-paris.com/,19:30-00:00,19:30-00:00,19:30-00:00,19:30-00:00,19:30-00:00,geschlossen,geschlossen,5.0,1,0,1,0,0,1,0,0,0,0
361,242,2,350.0,395.0,Moderne Küche,fr,Île-de-France,Paris,75008.0,Éric Frechon,Paris,False,Épicure,48.871762,2.314625,3,0,https://guide.michelin.com/de/de/ile-de-france/paris/restaurant/epicure,https://www.oetkercollection.com/fr/hotels/le-bristol-paris/restaurants-et-bar/epicure/,07:00-10:30,19:30-21:30,19:30-21:30,19:30-21:30,19:30-21:30,19:30-21:30,07:00-10:30,7.0,1,0,1,0,0,0,1,0,1,0
364,246,6,90.0,275.0,Klassische Küche,fr,Île-de-France,Paris,75008.0,,Paris,False,Le Taillevent,48.874195,2.3024829,2,0,https://guide.michelin.com/de/de/ile-de-france/paris/restaurant/le-taillevent,http://www.letaillevent.com/,19:15-21:00,19:15-21:00,19:15-21:00,19:15-21:00,geschlossen,geschlossen,geschlossen,4.0,1,0,1,0,1,0,0,0,0,0
365,247,7,130.0,285.0,Kreativ,fr,Île-de-France,Paris,75001.0,Philip Chronopoulos,Paris,False,Palais Royal Restaurant,48.865799,2.3390068,2,0,https://guide.michelin.com/de/de/ile-de-france/paris/restaurant/restaurant-du-palais-royal,http://www.palaisroyalrestaurant.com,19:30-21:30,19:30-21:30,19:30-21:30,19:30-21:30,19:30-21:30,geschlossen,geschlossen,5.0,0,0,1,0,0,1,0,0,0,0
369,251,11,185.0,490.0,Kreativ,fr,Île-de-France,Paris,75007.0,Alain Passard,Paris,False,Arpège,48.855731,2.3169648,3,1,https://guide.michelin.com/de/de/ile-de-france/paris/restaurant/arpege,https://www.alain-passard.com/,19:30-22:30,19:30-22:30,19:30-22:30,19:30-22:30,19:30-22:30,geschlossen,geschlossen,5.0,1,1,0,0,0,1,0,0,1,0
375,257,17,148.0,220.0,Kreativ,fr,Auvergne-Rhône-Alpes,Savoie,73170.0,Michaël Arnoult,Jongieux,False,Les Morainières,45.7449451,5.7982975,2,0,https://guide.michelin.com/de/de/auvergne-rhone-alpes/jongieux/restaurant/les-morainieres,https://www.les-morainieres.com/fr/,geschlossen,geschlossen,19:30-21:00,19:30-21:00,19:30-21:00,19:30-21:00,19:30-21:00,5.0,0,1,1,1,0,1,0,0,0,0
386,268,8,79.0,157.0,Moderne Küche,fr,Grand Est,Bas-Rhin,67580.0,Cédric Deckert,Laubach,False,La Merise,48.8796819,7.7225409,2,0,https://guide.michelin.com/de/de/grand-est/laubach/restaurant/la-merise,https://www.lamerise.alsace/,geschlossen,geschlossen,geschlossen,19:15-21:00,19:15-21:00,19:15-21:00,19:15-21:00,4.0,1,0,1,0,0,0,1,0,0,0
393,276,16,50.0,170.0,Kreativ,fr,Bourgogne-Franche-Comté,Saône-et-Loire,71100.0,Cédric Burtin,Saint-Rémy,False,L'Amaryllis,46.7567708,4.8200267,2,0,https://guide.michelin.com/de/de/bourgogne-franche-comte/saint-rmy/restaurant/l-amaryllis1896,https://www.lamaryllis.com/,geschlossen,geschlossen,19:00-21:30,19:00-21:30,19:00-21:30,19:00-21:30,geschlossen,4.0,1,0,1,0,0,1,0,0,0,0
410,294,14,95.0,325.0,Moderne Küche,fr,Île-de-France,Paris,75006.0,Hélène Darroze,Paris,False,Marsan par Hélène Darroze,48.8499883,2.3279216,2,0,https://guide.michelin.com/de/de/ile-de-france/paris/restaurant/marsan-par-helene-darroze,http://www.helenedarroze.com,geschlossen,19:30-21:00,19:30-21:00,19:30-21:00,19:30-21:00,19:30-21:00,geschlossen,5.0,1,1,0,0,0,0,1,0,0,0
415,299,19,245.0,325.0,Kreativ,fr,Grand Est,Haut-Rhin,68240.0,Olivier Nasti,Kaysersberg,False,La Table d'Olivier Nasti,48.1386233,7.265581,2,0,https://guide.michelin.com/de/de/grand-est/kaysersberg/restaurant/la-table-d-olivier-nasti,https://www.lechambard.fr/fr/,geschlossen,geschlossen,19:00-20:30,19:00-20:30,19:00-20:30,19:00-20:30,19:00-20:30,5.0,1,0,1,0,0,1,0,0,0,0
417,301,1,78.0,214.0,Kreativ,fr,Grand Est,Haut-Rhin,68000.0,Jean-Yves Schillinger,Colmar,False,JY'S,48.0755636,7.3533263,2,0,https://guide.michelin.com/de/de/grand-est/colmar/restaurant/jy-s,https://www.jean-yves-schillinger.com/,geschlossen,19:00-21:30,19:00-21:30,19:00-21:30,19:00-21:30,19:00-21:30,geschlossen,5.0,1,0,1,0,0,1,0,0,0,0
420,304,4,185.0,250.0,Moderne Küche,fr,Nouvelle-Aquitaine,Gironde,33000.0,Romain Lorenzon,Bordeaux,False,Le Pressoir d'Argent - Gordon Ramsay,44.84241,-0.57461,2,0,https://guide.michelin.com/de/de/nouvelle-aquitaine/bordeaux/restaurant/le-pressoir-d-argent-gordon-ramsay,https://www.bordeaux.intercontinental.com/,geschlossen,19:00-21:30,19:00-21:30,19:00-21:30,19:00-21:30,19:00-21:30,geschlossen,5.0,1,0,0,0,0,0,1,0,0,0
422,306,6,130.0,280.0,Kreativ,fr,Île-de-France,Paris,75007.0,David Toutain,Paris,False,David Toutain,48.8602663,2.3097038,2,1,https://guide.michelin.com/de/de/ile-de-france/paris/restaurant/david-toutain,https://www.davidtoutain.com/,20:00-21:30,20:00-21:30,20:00-21:30,20:00-21:30,20:00-21:30,geschlossen,geschlossen,5.0,1,0,0,0,0,1,0,0,0,0
427,311,11,39.0,150.0,Kreativ,fr,Occitanie,Gers,32600.0,William Candelon,Pujaudran,False,Le Puits Saint Jacques,43.590856,1.1501235,2,0,https://guide.michelin.com/de/de/occitanie/pujaudran/restaurant/le-puits-st-jacques,http://www.lepuitssaintjacques.fr,geschlossen,geschlossen,19:45-21:00,19:45-21:00,19:45-21:00,19:45-21:00,geschlossen,4.0,1,0,1,0,0,1,0,0,0,0
428,312,12,175.0,265.0,Klassische Küche,fr,Grand Est,Haut-Rhin,68970.0,Marc Haeberlin,Illhaeusern,False,Auberge de l'Ill,48.1844003,7.433043,2,0,https://guide.michelin.com/de/de/grand-est/illhaeusern/restaurant/auberge-de-l-ill,https://www.auberge-de-l-ill.com/fr/,geschlossen,geschlossen,19:00-21:00,19:00-21:00,19:00-21:00,19:00-21:00,19:00-21:00,5.0,1,1,0,1,1,0,0,0,0,0
438,323,3,82.0,145.0,Kreativ,fr,Grand Est,Bas-Rhin,67510.0,Pascal Bastian,Lembach,False,Auberge du Cheval Blanc,49.0033254,7.7906578,2,0,https://guide.michelin.com/de/de/grand-est/lembach/restaurant/auberge-du-cheval-blanc4111,https://www.cheval-blanc-lembach.fr/fr/,,,,,,,,,1,0,1,0,0,1,0,0,0,0
439,325,5,130.0,215.0,Kreativ,fr,Auvergne-Rhône-Alpes,Cantal,15110.0,,Chaudes-Aigues,False,Serge Vieira,44.8442761,3.0019613,2,1,https://guide.michelin.com/de/de/auvergne-rhone-alpes/chaudes-aigues/restaurant/serge-vieira,https://www.sergevieira.com/,,,,,,,,,1,1,1,1,0,1,0,0,0,0
447,334,14,190.0,380.0,Mediterran,fr,,,98000.0,Dominique Lory,Monaco,False,Le Louis XV - Alain Ducasse à l'Hôtel de Paris,43.7391839,7.4271047,3,0,https://guide.michelin.com/de/de/monaco-region/monaco/restaurant/le-louis-xv-alain-ducasse-a-l-hotel-de-paris,https://www.ducasse-paris.com/,19:30-21:15,geschlossen,geschlossen,19:30-21:15,19:30-21:15,19:30-21:15,19:30-21:15,5.0,1,1,1,0,0,0,0,0,1,1
449,336,16,120.0,210.0,Moderne Küche,fr,Hauts-de-France,Pas-de-Calais,62350.0,Christophe Dufossé,Busnes,False,Château de Beaulieu - Christophe Dufossé,50.5819943,2.507246,2,1,https://guide.michelin.com/de/de/hauts-de-france/busnes/restaurant/meurin,https://www.lechateaudebeaulieu.com,,,,,,,,,1,0,1,0,0,0,1,0,0,0
455,342,2,85.0,260.0,Moderne Küche,fr,Bourgogne-Franche-Comté,Saône-et-Loire,71150.0,Éric Pras,Chagny,False,Maison Lameloise,46.9078385,4.7529917,3,0,https://guide.michelin.com/de/de/bourgogne-franche-comte/chagny/restaurant/maison-lameloise,https://www.lameloise.fr/,,,,,,,,,1,0,0,0,0,0,1,0,1,0
459,346,6,450.0,530.0,Moderne Küche,fr,Île-de-France,Paris,75008.0,Christian Le Squer,Paris,False,Le Cinq,48.8687604,2.3008612,3,0,https://guide.michelin.com/de/de/ile-de-france/paris/restaurant/le-cinq6102,https://www.fourseasons.com,geschlossen,19:00-22:00,19:00-22:00,19:00-22:00,19:00-22:00,19:00-22:00,geschlossen,5.0,1,1,1,0,0,0,1,0,1,0
469,356,16,85.0,238.0,Klassische Küche,fr,Bourgogne-Franche-Comté,Yonne,89300.0,Jean-Michel Lorain,Joigny,False,La Côte Saint-Jacques,47.9833796,3.3853151,2,1,https://guide.michelin.com/de/de/bourgogne-franche-comte/joigny/restaurant/la-cote-saint-jacques,https://www.cotesaintjacques.com/,,,,,,,,,1,0,0,0,1,0,0,0,0,0
473,360,0,45.0,180.0,Kreativ,fr,Auvergne-Rhône-Alpes,Puy-de-Dôme,63100.0,Xavier Beaudiment,Clermont-Ferrand,False,Le Pré - Xavier Beaudiment,45.7886787,3.0519431,2,0,https://guide.michelin.com/de/de/auvergne-rhone-alpes/clermont-ferrand/restaurant/le-pre-xavier-beaudiment,https://www.restaurant-lepre.com/,,,,,,,,,1,0,1,0,0,1,0,0,0,0
474,361,1,165.0,205.0,Moderne Küche,fr,Nouvelle-Aquitaine,Gironde,33650.0,Nicolas Masse,Martillac,False,La Grand'Vigne - Les Sources de Caudalie,44.73119,-0.5572,2,0,https://guide.michelin.com/de/de/nouvelle-aquitaine/martillac/restaurant/la-grand-vigne,https://www.sources-caudalie.com/,,,,,,,,,1,0,1,0,0,0,1,0,0,0
476,363,3,195.0,240.0,Moderne Küche,fr,Nouvelle-Aquitaine,Gironde,33260.0,Stéphane Carrade,Pyla-sur-Mer,False,Le Skiff Club,44.606014,-1.20669,2,1,https://guide.michelin.com/de/de/nouvelle-aquitaine/pyla-sur-mer/restaurant/le-skiff-club,http://www.haaitza.com,19:15-23:00,19:15-23:00,19:15-23:00,19:15-23:00,19:15-23:00,19:30-23:30,11:30-15:30,7.0,1,0,1,0,0,0,1,0,0,0
491,378,18,135.0,245.0,Kreativ,fr,,,98000.0,Marcel Ravin,Monaco,False,Le Blue Bay,43.7488966,7.4379746,2,0,https://guide.michelin.com/de/de/monaco-region/monaco/restaurant/le-blue-bay,https://www.montecarlosbm.com/fr/restaurant-monaco/le-blue-bay,geschlossen,19:30-22:30,19:30-22:30,19:30-22:30,19:30-22:30,19:30-22:30,geschlossen,5.0,0,0,1,0,0,1,0,0,0,0
499,388,8,175.0,310.0,Kreativ,fr,Provence-Alpes-Côte d'Azur,Bouches-du-Rhône,13520.0,Glenn Viel,Les Baux-de-Provence,False,L'Oustau de Baumanière,43.7402659,4.7873628,3,1,https://guide.michelin.com/de/de/provence-alpes-cote-dazur/les-baux-de-provence/restaurant/l-oustau-de-baumaniere,https://www.baumaniere.com/,,,,,,,,,1,0,1,1,0,1,0,0,1,0
505,395,15,115.0,205.0,Moderne Küche,fr,Nouvelle-Aquitaine,Gironde,33210.0,Jérôme Schilling,Bommes,False,Lalique,44.5493811,-0.3374123,2,0,https://guide.michelin.com/de/de/nouvelle-aquitaine/bommes/restaurant/lalique,https://www.lafauriepeyragueylalique.com/le-restaurant/,,,,,,,,,1,1,1,1,0,0,1,0,0,0
511,401,1,110.0,220.0,Kreativ,fr,Grand Est,Marne,51100.0,Kazuyuki Tanaka,Reims,False,Racine,49.2528638,4.0375804,2,0,https://guide.michelin.com/de/de/grand-est/reims/restaurant/racine,https://www.racine.re/,19:15-20:30,geschlossen,geschlossen,19:15-20:30,19:15-20:30,19:15-20:30,19:15-20:30,5.0,1,0,1,0,0,1,0,0,0,0
513,404,4,340.0,415.0,Kreativ,fr,Île-de-France,Paris,75001.0,Arnaud Donckele,Paris,False,Plénitude - Cheval Blanc Paris,48.8588148,2.3421588,3,0,https://guide.michelin.com/de/de/ile-de-france/paris/restaurant/plenitude-cheval-blanc-paris,https://www.chevalblanc.com/fr/maison/paris/,geschlossen,geschlossen,19:00-01:00,19:00-01:00,19:00-01:00,19:00-01:00,19:00-01:00,5.0,1,0,1,1,0,1,0,0,1,0
522,413,13,65.0,152.0,Moderne Küche,fr,Bourgogne-Franche-Comté,Jura,39600.0,,Port-Lesney,False,Maison Jeunet,46.9992762,5.8240603,2,0,https://guide.michelin.com/de/de/bourgogne-franche-comte/port-lesney/restaurant/chateau-de-germigney,http://www.chateaudegermigney.com,,,,,,,,,1,0,0,0,0,0,1,0,0,0
523,414,14,160.0,210.0,Mediterran,fr,Provence-Alpes-Côte d'Azur,Alpes-Maritimes,6320.0,Bruno Cirino,La Turbie,False,Hostellerie Jérôme,43.745144,7.4002192,2,1,https://guide.michelin.com/de/de/provence-alpes-cote-dazur/la-turbie/restaurant/hostellerie-jerome,https://www.hostellerie-jerome.com/,,,,,,,,,1,1,0,1,0,0,0,0,0,1
524,415,15,98.0,320.0,Japanisch,fr,Île-de-France,Paris,75008.0,Yasunari Okazaki,Paris,False,L'Abysse au Pavillon Ledoyen,48.8662069,2.3164988,2,0,https://guide.michelin.com/de/de/ile-de-france/paris/restaurant/l-abysse-au-pavillon-ledoyen,https://www.yannick-alleno.com/fr/,19:00-21:30,19:00-21:30,19:00-21:30,19:00-21:30,19:00-21:30,geschlossen,geschlossen,5.0,1,0,0,0,0,0,0,0,0,1
535,428,8,90.0,230.0,Kreativ,fr,Grand Est,Bas-Rhin,67290.0,Paul Stradner,Wingen-sur-Moder,False,Villa René Lalique,48.9185,7.365027,2,0,https://guide.michelin.com/de/de/grand-est/wingen-sur-moder/restaurant/villa-rene-lalique,http://www.villarenelalique.com,08:00-00:00,08:00-12:00,geschlossen,08:00-00:00,08:00-00:00,08:00-00:00,08:00-00:00,6.0,1,0,1,0,0,1,0,0,0,0
537,430,10,175.0,250.0,Kreativ,fr,Auvergne-Rhône-Alpes,Savoie,73120.0,Sébastien Vauxion,Courchevel,False,Le Sarkara,45.4122032,6.638871,2,0,https://guide.michelin.com/de/de/auvergne-rhone-alpes/courchevel/restaurant/sarkara,https://www.lek2palace.com/fr/deguster/le-sarkara.html,,,,,,,,,0,0,1,1,0,1,0,0,0,0
567,461,1,95.0,270.0,Kreativ,fr,Bretagne,Finistère,29550.0,Olivier Bellin,Plomodiern,False,L'Auberge des Glazicks,48.1804523,-4.2351146,2,0,https://guide.michelin.com/de/de/bretagne/plomodiern/restaurant/l-auberge-des-glazicks,https://www.aubergedesglazick.com,,,,,,,,,1,0,1,0,0,1,0,0,0,0
588,482,2,160.0,210.0,Moderne Küche,fr,Provence-Alpes-Côte d'Azur,Var,83350.0,Éric Canino,Ramatuelle,False,La Voile - La Réserve Ramatuelle,43.1923476,6.6481676,2,0,https://guide.michelin.com/de/de/provence-alpes-cote-dazur/ramatuelle/restaurant/la-voile,https://www.lareserve-ramatuelle.com/,,,,,,,,,0,0,1,1,0,0,1,0,0,0
597,493,13,95.0,311.0,Kreativ,fr,Île-de-France,Paris,75116.0,David Bizet,Paris,False,L'Oiseau Blanc,48.8707602,2.2933134,2,0,https://guide.michelin.com/de/de/ile-de-france/paris/restaurant/l-oiseau-blanc,https://www.peninsula.com/fr/paris/hotel-fine-dining/french-rooftop-loiseau-blanc,19:00-22:00,19:00-22:00,19:00-22:00,19:00-22:00,19:00-22:00,19:00-22:00,19:00-22:00,7.0,0,0,1,1,0,1,0,0,0,0
598,495,15,165.0,440.0,Kreativ,fr,Île-de-France,Paris,75008.0,Pierre Gagnaire,Paris,False,Pierre Gagnaire,48.8732506,2.3003862,3,0,https://guide.michelin.com/de/de/ile-de-france/paris/restaurant/pierre-gagnaire6112,http://www.pierregagnaire.com/restaurants/pierre_gagnaire,19:30-21:30,19:30-21:30,19:30-21:30,19:30-21:30,19:30-21:30,geschlossen,geschlossen,5.0,1,0,1,0,0,1,0,0,1,0
601,498,18,265.0,350.0,Moderne Küche,fr,Auvergne-Rhône-Alpes,Haute-Savoie,74120.0,Emmanuel Renaut,Megève,False,Flocons de Sel,45.82354,6.60007,3,0,https://guide.michelin.com/de/de/auvergne-rhone-alpes/megve/restaurant/flocons-de-sel,https://www.floconsdesel.com/fr/,,,,,,,,,1,1,1,1,0,0,1,0,1,0
604,501,1,155.0,245.0,Kreativ,fr,Grand Est,Bas-Rhin,67210.0,Nicolas Stamm-Corby,Oberehnheim,False,La Fourchette des Ducs,48.4621258,7.4882994,2,0,https://guide.michelin.com/de/de/grand-est/obernai/restaurant/la-fourchette-des-ducs,http://www.lafourchettedesducs.com/fr/,geschlossen,19:00-21:00,19:00-21:00,19:00-21:00,19:00-21:00,19:00-21:00,12:00-13:30,6.0,1,0,1,0,0,1,0,0,0,0
605,502,2,125.0,195.0,Kreativ,fr,Auvergne-Rhône-Alpes,Isère,38410.0,Christophe Aribert,Uriage-les-Bains,False,Maison Aribert,45.1417394,5.8315479,2,1,https://guide.michelin.com/de/de/auvergne-rhone-alpes/uriage-les-bains/restaurant/maison-aribert,http://www.maisonaribert.com,07:00-23:00,07:00-23:00,07:00-23:00,07:00-23:00,07:00-23:00,07:00-23:00,07:00-23:00,7.0,1,0,1,0,0,1,0,0,0,0
606,503,3,280.0,395.0,Kreativ,fr,Île-de-France,Paris,75008.0,Yannick Alléno,Paris,False,Alléno Paris au Pavillon Ledoyen,48.8660932,2.3164993,3,0,https://guide.michelin.com/de/de/ile-de-france/paris/restaurant/alleno-paris-au-pavillon-ledoyen,https://www.yannick-alleno.com,19:00-00:00,19:00-00:00,19:00-00:00,19:00-00:00,19:00-00:00,geschlossen,geschlossen,5.0,1,0,0,0,0,1,0,0,1,0
623,520,0,50.0,170.0,Kreativ,fr,Pays de la Loire,Loire-Atlantique,44770.0,Mathieu Guibert,La Plaine-sur-Mer,False,Anne de Bretagne,47.1547317,-2.2134222,2,0,https://guide.michelin.com/de/de/pays-de-la-loire/la-plaine-sur-mer/restaurant/anne-de-bretagne,http://www.annedebretagne.com,,,,,,,,,1,0,1,1,0,1,0,0,0,0
625,522,2,110.0,320.0,Kreativ,fr,Île-de-France,Paris,75008.0,Christophe Pelé,Paris,False,Le Clarence,48.8673498,2.3098732,2,0,https://guide.michelin.com/de/de/ile-de-france/paris/restaurant/le-clarence,https://www.le-clarence.paris/la-table/,geschlossen,19:30-21:00,19:30-21:00,19:30-21:00,19:30-21:00,19:30-21:00,geschlossen,5.0,1,0,1,0,0,1,0,0,0,0
630,528,8,135.0,335.0,Moderne Küche,fr,Île-de-France,Paris,75008.0,Stéphanie Le Quellec,Paris,False,La Scène,48.8720257,2.3143813,2,0,https://guide.michelin.com/de/de/ile-de-france/paris/restaurant/la-scene,https://www.la-scene.paris/,19:30-21:00,19:30-21:00,19:30-21:00,19:30-21:00,geschlossen,geschlossen,geschlossen,4.0,1,0,1,0,0,0,1,0,0,0
632,530,10,80.0,160.0,Kreativ,fr,Occitanie,Aude,11100.0,Lionel Giraud,Narbonne,False,La Table Lionel Giraud,43.1743172,2.9918502,2,0,https://guide.michelin.com/de/de/occitanie/narbonne/restaurant/la-table-saint-crescent,http://www.maison.saintcrescent.com,,,,,,,,,1,0,1,0,0,1,0,0,0,0
633,531,11,180.0,430.0,Fisch und Meeresfrüchte,fr,Provence-Alpes-Côte d'Azur,Bouches-du-Rhône,13007.0,Gérald Passedat,Marseille,False,Le Petit Nice,43.2803346,5.3521929,3,0,https://guide.michelin.com/de/de/provence-alpes-cote-dazur/marseille/restaurant/le-petit-nice,https://www.passedat.fr,,,,,,,,,1,1,1,1,0,0,0,0,1,1
647,545,5,180.0,250.0,Kreativ,fr,Provence-Alpes-Côte d'Azur,Alpes-Maritimes,6000.0,Gaël Tourteaux,Nizza,False,Flaveur,43.7014072,7.2718302,2,0,https://guide.michelin.com/de/de/provence-alpes-cote-dazur/nice/restaurant/flaveur,https://www.restaurant-flaveur.com/,geschlossen,19:30-21:15,19:30-21:15,19:30-21:15,19:30-21:15,19:30-21:15,geschlossen,5.0,1,0,1,0,0,1,0,0,0,0
651,549,9,180.0,225.0,Moderne Küche,fr,Occitanie,Gard,30000.0,Nicolas Fontaine,Nîmes,False,Duende,43.8388191,4.3527079,2,0,https://guide.michelin.com/de/de/occitanie/nimes/restaurant/duende,http://www.maison-albar-hotels-l-imperator.com,geschlossen,geschlossen,geschlossen,19:30-21:00,19:30-21:00,19:30-21:00,12:30-14:00,4.0,1,0,1,0,0,0,1,0,0,0
655,553,13,185.0,245.0,Kreativ,fr,Hauts-de-France,Pas-de-Calais,62170.0,Alexandre Gauthier,La Madelaine-sous-Montreuil,False,La Grenouillère,50.4710226,1.7544175,2,1,https://guide.michelin.com/de/de/hauts-de-france/la-madelaine-sous-montreuil/restaurant/la-grenouillere,https://www.lagrenouillere.fr/,,,,,,,,,1,0,1,0,0,1,0,0,0,0
665,563,3,290.0,350.0,Kreativ,fr,Île-de-France,Paris,75001.0,Amaury Bouhours,Paris,False,Restaurant Le Meurice Alain Ducasse,48.86525,2.3278399,2,0,https://guide.michelin.com/de/de/ile-de-france/paris/restaurant/le-meurice-alain-ducasse,https://www.alainducasse-meurice.com/fr,19:00-22:00,19:00-22:00,19:00-22:00,19:00-22:00,19:00-22:00,geschlossen,geschlossen,5.0,1,1,0,0,0,1,0,0,0,0
670,569,9,235.0,275.0,Kreativ,fr,Auvergne-Rhône-Alpes,Haute-Savoie,74290.0,Jean Sulpice,Talloires-Montmin,False,Jean Sulpice,45.8393308,6.210543,2,1,https://guide.michelin.com/de/de/auvergne-rhone-alpes/talloires-montmin/restaurant/jean-sulpice,https://www.perebise.com/,19:30-21:30,geschlossen,geschlossen,19:30-21:30,19:30-21:30,19:30-21:30,19:30-21:30,5.0,1,0,1,1,0,1,0,0,0,0
671,570,10,102.0,223.0,Moderne Küche,fr,Occitanie,Gard,30128.0,Michel Kayser,Garons,False,Michel Kayser - Restaurant Alexandre,43.7682129,4.4224997,2,0,https://guide.michelin.com/de/de/occitanie/garons/restaurant/alexandre,https://www.michelkayser.com/,geschlossen,geschlossen,12:00-16:00,20:00-00:00,20:00-00:00,20:00-00:00,12:00-16:00,5.0,1,0,1,0,0,0,1,0,0,0
681,580,0,190.0,260.0,Kreativ,fr,Occitanie,Aveyron,12210.0,Sébastien Bras,Laguiole,False,Bras,44.6807175,2.8938527,2,0,https://guide.michelin.com/de/de/occitanie/laguiole/restaurant/bras,http://www.bras.fr/fr/,06:00-22:00,06:00-22:00,06:00-22:00,06:00-22:00,06:00-22:00,06:00-22:00,geschlossen,6.0,1,1,1,1,0,1,0,0,0,0
685,585,5,95.0,215.0,Moderne Küche,fr,Auvergne-Rhône-Alpes,Isère,38200.0,Patrick Henriroux,Vienne,False,La Pyramide - Patrick Henriroux,45.5166376,4.8668625,2,0,https://guide.michelin.com/de/de/auvergne-rhone-alpes/vienne/restaurant/la-pyramide-patrick-henriroux,https://www.lapyramide.com/fr/,07:30-14:30,07:30-14:30,07:30-14:30,07:30-14:30,07:30-14:30,07:30-14:30,07:30-14:30,7.0,1,0,0,0,0,0,1,0,0,0
690,590,10,175.0,395.0,Kreativ,fr,Provence-Alpes-Côte d'Azur,Bouches-du-Rhône,13008.0,Alexandre Mazzia,Marseille,False,AM par Alexandre Mazzia,43.2701104,5.3862325,3,0,https://guide.michelin.com/de/de/provence-alpes-cote-dazur/marseille/restaurant/am-par-alexandre-mazzia,https://www.alexandre-mazzia.com/,geschlossen,geschlossen,20:00-21:30,20:00-21:30,20:00-21:30,20:00-21:30,geschlossen,4.0,0,0,0,0,0,1,0,0,1,0
705,608,8,98.0,128.0,Moderne Küche,fr,Occitanie,Haute-Garonne,31000.0,Pierre Lambinon,Toulouse,False,Py-r,43.599313,1.4408583,2,0,https://guide.michelin.com/de/de/occitanie/toulouse/restaurant/py-r,https://www.py-r.com/,,,,,,,,,1,1,0,0,0,0,1,0,0,0
706,609,9,250.0,345.0,Klassische Küche,fr,Auvergne-Rhône-Alpes,Ain,1540.0,Georges Blanc,Vonnas,False,Georges Blanc,46.2201083,4.9894987,3,0,https://guide.michelin.com/de/de/auvergne-rhone-alpes/vonnas/restaurant/georges-blanc,https://www.georgesblanc.com/fr/,,,,,,,,,1,0,0,0,1,0,0,0,1,0
721,0,0,195.0,295.0,Kreativ,de,Bayern,,80333,,München,False,JAN,48.1447975,11.5629878,3,0,https://guide.michelin.com/de/de/bayern/mnchen/restaurant/jan-1204321,https://jan-hartwig.com/,geschlossen,19:00-19:30,19:00-19:30,19:00-19:30,19:00-19:30,geschlossen,geschlossen,4.0,0,0,0,0,0,1,0,0,1,0
723,2,2,135.0,185.0,Kreativ,de,Hessen,,60323,Jochim Busch,Frankfurt am Main,False,Gustav,50.1207676,8.6704255,2,1,https://guide.michelin.com/de/de/hessen/frankfurt-am-main/restaurant/gustav464093,https://www.restaurant-gustav.de/,geschlossen,19:00-23:00,19:00-23:00,19:00-23:00,19:00-23:00,19:00-23:00,geschlossen,5.0,0,0,0,0,0,1,0,0,0,0
733,15,15,158.0,228.0,Französisch zeitgemäß,de,Bayern,Landkreis Miesbach,83700,Thomas Kellermann,Rottach-Egern,False,Gourmetrestaurant Dichter,47.6938521,11.7542108,2,0,https://guide.michelin.com/de/de/bayern/rottach-egern/restaurant/dichterstub-n,https://www.gourmetrestaurant-dichter.de/,geschlossen,geschlossen,18:30-22:30,18:30-22:30,18:30-22:30,18:30-22:30,geschlossen,4.0,1,0,1,0,0,0,0,1,0,0
739,21,1,179.0,210.0,Kreativ,de,Bayern,,86153,Christian Grünwald,Augsburg,False,AUGUST,48.3710103,10.9126019,2,0,https://guide.michelin.com/de/de/bayern/augsburg/restaurant/august495065,https://restaurantaugust.de/,geschlossen,geschlossen,geschlossen,18:00-22:00,18:00-22:00,18:00-22:00,geschlossen,3.0,0,0,0,0,0,1,0,0,0,0
758,44,4,215.0,265.0,Französisch klassisch,de,Baden-Württemberg,Landkreis Freudenstadt,72270,Torsten Michel,Baiersbronn,False,Schwarzwaldstube,48.5369113,8.3582803,3,0,https://guide.michelin.com/de/de/baden-wurttemberg/baiersbronn/restaurant/schwarzwaldstube,https://www.traube-tonbach.de/restaurants-bar/schwarzwaldstube/,geschlossen,geschlossen,19:00-22:00,19:00-22:00,19:00-22:00,19:00-22:00,19:00-22:00,5.0,1,1,1,1,1,0,0,1,1,0
760,46,6,203.0,295.0,Französisch klassisch,de,Baden-Württemberg,Landkreis Breisgau-Hochschwarzwald,79295,Udo Weiler,Sulzburg,False,Hirschen,47.8404612,7.7088806,2,0,https://guide.michelin.com/de/de/baden-wurttemberg/sulzburg/restaurant/hirschen78032,https://www.douce-steiner.de/de_home.html,,,,,,,,,1,0,0,0,1,0,0,1,0,0
766,52,12,205.0,225.0,Französisch modern,de,Hessen,,60325,Andreas Krolik,Frankfurt am Main,False,Lafleur,50.1214911,8.6565825,2,0,https://guide.michelin.com/de/de/hessen/frankfurt-am-main/restaurant/lafleur,https://www.restaurant-lafleur.de/,geschlossen,geschlossen,18:00-00:00,18:00-00:00,18:00-00:00,18:00-00:00,geschlossen,4.0,1,1,1,0,0,0,1,1,0,0
771,57,17,205.0,235.0,Französisch kreativ,de,Bayern,,80333,,München,False,Atelier,48.1402487,11.5735681,2,0,https://guide.michelin.com/de/de/bayern/mnchen/restaurant/atelier-1198719,https://www.bayerischerhof.de/de/,,,,,,,,,1,0,1,0,0,1,0,1,0,0
773,59,19,215.0,245.0,Kreativ,de,Bayern,Landkreis Kulmbach,95339,Tobias Bätz,Wirsberg,False,AURA by Alexander Herrmann & Tobias Bätz,50.1073707,11.6069241,2,0,https://guide.michelin.com/de/de/bayern/wirsberg/restaurant/alexander-herrmann-by-tobias-batz,https://herrmanns-posthotel.de/gourmet-restaurant/,,,,,,,,,0,1,0,0,0,1,0,0,0,0
787,74,14,162.0,260.0,Moderne Küche,de,Rheinland-Pfalz,Landkreis Mayen-Koblenz,56626,Christian Eckhardt,Andernach,False,PURS,50.4389346,7.3973765,2,0,https://guide.michelin.com/de/de/rheinland-pfalz/andernach/restaurant/purs,https://purs.com/,,,,,,,,,1,0,0,0,0,0,1,0,0,0
789,77,17,150.0,335.0,Französisch klassisch,de,Baden-Württemberg,Landkreis Freudenstadt,72270,Claus-Peter Lumpp,Baiersbronn,False,Restaurant Bareiss,48.5205845,8.3269876,3,0,https://guide.michelin.com/de/de/baden-wurttemberg/baiersbronn/restaurant/restaurant-bareiss,https://www.bareiss.com/,geschlossen,geschlossen,19:00-23:00,19:00-23:00,19:00-23:00,19:00-23:00,19:00-23:00,5.0,1,1,1,0,1,0,0,1,1,0
802,90,10,119.0,169.0,Moderne Küche,de,Baden-Württemberg,Ortenaukreis,77977,Peter Hagen-Wiest,Rust,False,ammolite - The Lighthouse Restaurant,48.259724,7.7251226,2,0,https://guide.michelin.com/de/de/baden-wurttemberg/rust/restaurant/ammolite-the-lighthouse-restaurant,https://www.ammolite-restaurant.de/,geschlossen,geschlossen,19:00-00:00,19:00-00:00,19:00-00:00,19:00-00:00,19:00-00:00,5.0,0,1,1,0,0,0,1,0,0,0
803,91,11,147.0,225.0,Französisch klassisch,de,Saarland,Regionalverband Saarbrücken,66121,Klaus Erfort,Saarbrücken,False,GästeHaus Klaus Erfort,49.2295502,7.0076258,2,0,https://guide.michelin.com/de/de/saarland/saarbrucken/restaurant/gastehaus-klaus-erfort,https://www.gaestehaus-erfort.de/,19:00-21:30,19:00-21:30,19:00-21:30,19:00-21:30,19:00-21:30,geschlossen,geschlossen,5.0,1,0,1,0,1,0,0,1,0,0
804,92,12,52.0,165.0,Klassische Küche,de,Saarland,Regionalverband Saarbrücken,66111,Silio Del Fabro,Saarbrücken,False,Esplanade,49.2349097,6.9996028,2,0,https://guide.michelin.com/de/de/saarland/saarbrucken/restaurant/esplanade539722,https://www.esplanade-sb.de/,,,,,,,,,1,0,0,0,1,0,0,0,0,0
805,93,13,265.0,285.0,Moderne Küche,de,,,10115,Marco Müller,Berlin,False,Rutz,52.5283507,13.3860867,3,1,https://guide.michelin.com/de/de/berlin-region/berlin/restaurant/rutz,https://rutz-restaurant.de/,geschlossen,18:00-22:00,18:00-22:00,18:00-22:00,18:00-22:00,18:00-22:00,geschlossen,5.0,1,0,0,0,0,0,1,0,1,0
806,94,14,100.0,160.0,Französisch modern,de,Nordrhein-Westfalen,,48143,Frédéric Morel,Münster,False,Coeur D'Artichaut,51.9638925,7.6294251,2,0,https://guide.michelin.com/de/de/nordrhein-westfalen/munster/restaurant/coeur-d-artichaut,https://www.coeur-dartichaut.de/,geschlossen,geschlossen,18:30-23:30,18:30-23:30,18:30-23:30,18:30-23:30,12:00-16:00,5.0,0,0,0,0,0,0,1,1,0,0
826,114,14,215.0,245.0,Kreativ,de,Niedersachsen,,38440,Sven Elverfeld,Wolfsburg,False,Aqua,52.4331722,10.789999,3,0,https://guide.michelin.com/de/de/niedersachsen/wolfsburg/restaurant/aqua79029,http://www.restaurant-aqua.com,geschlossen,geschlossen,18:00-20:30,18:00-20:30,18:00-20:30,18:00-20:30,geschlossen,4.0,1,0,1,0,0,1,0,0,1,0
828,116,16,258.0,275.0,Französisch klassisch,de,Rheinland-Pfalz,Landkreis Bernkastel-Wittlich,54518,Clemens Rambichler,Dreis,False,Waldhotel Sonnora,49.9377323,6.8109342,3,0,https://guide.michelin.com/de/de/rheinland-pfalz/dreis/restaurant/waldhotel-sonnora,https://www.hotel-sonnora.de/,,,,,,,,,1,0,0,0,1,0,0,1,1,0
837,125,5,198.0,240.0,Klassische Küche,de,Schleswig-Holstein,Schleswig-Flensburg,24960,Dirk Luther,Glücksburg,False,Meierei Dirk Luther,54.8225486,9.4999203,2,0,https://guide.michelin.com/de/de/schleswig-holstein/glcksburg/restaurant/meierei-dirk-luther,https://www.alter-meierhof.de/,geschlossen,geschlossen,18:30-21:30,18:30-21:30,18:30-21:30,18:30-21:30,geschlossen,4.0,1,0,1,1,1,0,0,0,0,0
842,130,10,179.0,209.0,Moderne Küche,de,Baden-Württemberg,,68161,Dominik Paul,Mannheim,False,OPUS V,49.4858598,8.4699546,2,0,https://guide.michelin.com/de/de/baden-wurttemberg/mannheim/restaurant/opus-v,https://www.restaurant-opus-v.de/,geschlossen,geschlossen,geschlossen,18:00-23:00,18:00-23:00,18:00-23:00,geschlossen,3.0,1,0,1,1,0,0,1,0,0,0
846,135,15,115.0,178.0,Französisch modern,de,Rheinland-Pfalz,Landkreis Bernkastel-Wittlich,54498,Thomas Schanz,Piesport,False,schanz. restaurant.,49.8776003,6.9266002,3,0,https://guide.michelin.com/de/de/rheinland-pfalz/piesport/restaurant/schanz-restaurant,https://www.schanz-restaurant.de/de/,,,,,,,,,0,0,1,0,0,0,1,1,1,0
857,147,7,175.0,205.0,Kreativ,de,Baden-Württemberg,,70599,Stefan Gschwendtner,Stuttgart,False,Speisemeisterei,48.7128772,9.2135508,2,0,https://guide.michelin.com/de/de/baden-wurttemberg/stuttgart/restaurant/speisemeisterei,https://www.speisemeisterei.de/,18:30-23:00,geschlossen,geschlossen,18:30-23:00,18:30-23:00,18:30-23:00,18:30-23:00,5.0,0,0,1,0,0,1,0,0,0,0
860,150,10,260.0,295.0,Kreativ,de,Nordrhein-Westfalen,Rheinisch-Bergischer Kreis,51429,Joachim Wissler,Bergisch Gladbach,False,Vendôme,50.9665691,7.1604778,2,0,https://guide.michelin.com/de/de/nordrhein-westfalen/bergisch-gladbach/restaurant/vendome,https://www.althoffcollection.com/de/althoff-grandhotel-schloss-bensberg,geschlossen,geschlossen,19:00-21:00,19:00-21:00,19:00-21:00,19:00-21:00,19:00-21:00,5.0,1,1,1,0,0,1,0,0,0,0
863,153,13,180.0,275.0,Französisch modern,de,Bayern,,80809,Bobby Bräuer,München,False,EssZimmer,48.1766707,11.557409,2,0,https://guide.michelin.com/de/de/bayern/mnchen/restaurant/esszimmer236176,https://www.feinkost-kaefer.de/esszimmer-muenchen,geschlossen,19:00-00:00,19:00-00:00,19:00-00:00,19:00-00:00,19:00-00:00,geschlossen,5.0,1,1,1,0,0,0,1,1,0,0
864,154,14,214.0,284.0,Kreativ,de,Schleswig-Holstein,Nordfriesland,25980,Jan-Phillip Berner,Rantum,False,Söl'ring Hof,54.8536822,8.2887697,2,0,https://guide.michelin.com/de/de/schleswig-holstein/rantum/restaurant/sol-ring-hof,https://www.soelring-hof.de/,,,,,,,,,1,0,0,1,0,1,0,0,0,0
871,161,1,155.0,195.0,Französisch klassisch,de,Rheinland-Pfalz,Landkreis Ahrweiler,53474,Hans Stefan Steinheuer,Bad Neuenahr-Ahrweiler,False,Steinheuers Restaurant Zur Alten Post,50.5509788,7.1642775,2,0,https://guide.michelin.com/de/de/rheinland-pfalz/bad-neuenahr-ahrweiler/restaurant/steinheuers-restaurant-zur-alten-post,https://www.steinheuers.de/,,,,,,,,,1,0,0,0,1,0,0,1,0,0
880,171,11,145.0,198.0,Französisch klassisch,de,Baden-Württemberg,Ortenaukreis,77740,Martin Herrmann,Bad Peterstal,False,Le Pavillon,48.4574092,8.2507048,2,0,https://guide.michelin.com/de/de/baden-wurttemberg/bad-peterstal/restaurant/le-pavillon83378,https://www.dollenberg.de,18:30-23:00,geschlossen,geschlossen,18:30-23:00,18:30-23:00,18:30-23:00,18:30-23:00,5.0,1,0,1,1,1,0,0,1,0,0
882,174,14,160.0,250.0,Kreativ,de,Bayern,,80331,Christoph Kunz,München,False,Alois - Dallmayr Fine Dining,48.1383054,11.5771585,2,0,https://guide.michelin.com/de/de/bayern/mnchen/restaurant/alois-dallmayr-fine-dining,https://www.dallmayr.com/de/delikatessenhaus/restaurant/,geschlossen,geschlossen,18:30-00:00,18:30-00:00,18:30-00:00,18:30-00:00,geschlossen,4.0,1,0,0,0,0,1,0,0,0,0
886,178,18,110.0,195.0,Innovativ,de,Bayern,,90403,Andree Köthe,Nürnberg,False,Essigbrätlein,49.455062,11.0748188,2,1,https://guide.michelin.com/de/de/bayern/nurnberg/restaurant/essigbratlein,https://essigbraetlein.de/,geschlossen,geschlossen,19:00-00:00,19:00-00:00,19:00-00:00,19:00-00:00,geschlossen,4.0,0,1,0,0,0,0,0,0,0,1
890,182,2,205.0,295.0,Kreativ,de,Saarland,Nennig,66706,Christian Bau,Perl,False,Victor's Fine Dining by christian bau,49.5351732,6.3872109,3,0,https://guide.michelin.com/de/de/saarland/perl/restaurant/victor-s-fine-dining-by-christian-bau,https://www.victors-fine-dining.de/,geschlossen,geschlossen,geschlossen,19:00-00:00,19:00-00:00,19:00-00:00,19:00-00:00,4.0,1,0,0,0,0,1,0,0,1,0
902,194,14,189.0,229.0,Moderne Küche,de,Bayern,Landkreis Garmisch-Partenkirchen,82493,Christoph Rainer,Krün,False,Luce d'Oro,47.4620032,11.1869112,2,0,https://guide.michelin.com/de/de/bayern/krn/restaurant/luce-d-oro,https://www.schloss-elmau.de/,geschlossen,geschlossen,19:00-23:00,19:00-23:00,19:00-23:00,19:00-23:00,geschlossen,4.0,1,0,0,0,0,0,1,0,0,0
905,197,17,169.0,189.0,Moderne Küche,de,,,20354,Julian Stowasser,Hamburg,False,Lakeside,53.565225,9.9980345,2,0,https://guide.michelin.com/de/de/hamburg-region/hamburg/restaurant/lakeside,https://www.thefontenay.com/restaurants-bar/lakeside-restaurant/,geschlossen,19:00-00:00,19:00-00:00,19:00-00:00,19:00-00:00,19:00-00:00,geschlossen,5.0,1,0,0,1,0,0,1,0,0,0
910,202,2,190.0,240.0,Französisch kreativ,de,Baden-Württemberg,Landkreis Konstanz,78464,Dirk Hoberg,Konstanz,False,Ophelia,47.6671426,9.1874594,2,0,https://guide.michelin.com/de/de/baden-wurttemberg/konstanz/restaurant/ophelia,https://www.restaurant-ophelia.de/,19:00-20:00,geschlossen,geschlossen,19:00-20:00,19:00-20:00,19:00-20:00,19:00-20:00,5.0,0,0,0,1,0,1,0,1,0,0
916,210,10,99.0,262.0,Kreativ,de,Sachsen,,4105,Peter Maria Schnurr,Leipzig,False,Falco,51.3463665,12.3754206,2,0,https://guide.michelin.com/de/de/sachsen/leipzig/restaurant/falco,https://falco-leipzig.de/,geschlossen,18:00-22:00,18:00-22:00,18:00-22:00,18:00-22:00,18:00-22:00,geschlossen,5.0,1,0,0,1,0,1,0,0,0,0
921,215,15,215.0,250.0,Französisch kreativ,de,,,20354,Christoph Rüffer,Hamburg,False,Haerlin,53.5554424,9.9914638,2,0,https://guide.michelin.com/de/de/hamburg-region/hamburg/restaurant/haerlin,https://restaurant-haerlin.de/de/,geschlossen,geschlossen,geschlossen,geschlossen,geschlossen,geschlossen,geschlossen,0.0,1,0,1,1,0,1,0,1,0,0
936,233,13,175.0,190.0,Kreativ,de,Niedersachsen,Region Hannover,30171,Tony Hohlfeld,Hannover,False,Jante,52.3701441,9.7607489,2,0,https://guide.michelin.com/de/de/niedersachsen/hannover/restaurant/jante,https://www.jante-restaurant.de/,geschlossen,geschlossen,18:00-22:00,18:00-22:00,18:00-22:00,18:00-22:00,geschlossen,4.0,0,1,0,0,0,1,0,0,0,0
944,242,2,40.0,130.0,Moderne Küche,de,Baden-Württemberg,,76135,Thorsten Bender,Karlsruhe,False,sein,49.0062467,8.3818104,2,0,https://guide.michelin.com/de/de/baden-wurttemberg/karlsruhe/restaurant/sein,https://www.restaurant-sein.de,geschlossen,geschlossen,18:30-23:30,18:30-23:30,18:30-23:30,18:30-23:30,18:30-23:30,5.0,0,0,0,0,0,0,1,0,0,0
945,245,5,230.0,260.0,Moderne Küche,de,Nordrhein-Westfalen,,50678,Daniel Gottschlich,Köln,False,Ox & Klee,50.9274173,6.9657432,2,0,https://guide.michelin.com/de/de/nordrhein-westfalen/koln/restaurant/ox-klee,https://oxundklee.de/,geschlossen,geschlossen,18:30-00:00,18:30-00:00,18:30-00:00,18:30-00:00,geschlossen,4.0,0,1,0,0,0,0,1,0,0,0
954,256,16,145.0,195.0,Moderne Küche,de,Baden-Württemberg,Schwarzwald-Baar-Kreis,78166,Manuel Ulrich,Donaueschingen,False,Ösch Noir,47.9655184,8.5471151,2,0,https://guide.michelin.com/de/de/baden-wurttemberg/donaueschingen/restaurant/osch-noir,https://www.oeschberghof.com/restaurants-bars/oesch-noir,geschlossen,geschlossen,19:00-21:00,19:00-21:00,19:00-21:00,19:00-21:00,19:00-21:00,5.0,1,1,1,0,0,0,1,0,0,0
965,270,10,150.0,250.0,Kreativ,de,,,10117,Hendrik Otto,Berlin,False,Lorenz Adlon Esszimmer,52.5159333,13.380011,2,0,https://guide.michelin.com/de/de/berlin-region/berlin/restaurant/lorenz-adlon-esszimmer,https://www.lorenzadlon-esszimmer.de/,geschlossen,geschlossen,19:00-23:00,19:00-23:00,19:00-23:00,19:00-23:00,geschlossen,4.0,1,0,1,0,0,1,0,0,0,0
967,273,13,198.0,238.0,Kreativ,de,Bayern,Landkreis Schwandorf,92431,Hubert Obendorfer,Neunburg vorm Wald,False,Obendorfers Eisvogel,49.3383934,12.2619376,2,0,https://guide.michelin.com/de/de/bayern/neunburg-vorm-wald/restaurant/obendorfer-s-eisvogel,https://www.der-birkenhof.de/,geschlossen,18:00-00:00,18:00-00:00,18:00-00:00,18:00-00:00,18:00-00:00,geschlossen,5.0,0,0,1,1,0,1,0,0,0,0
968,274,14,88.0,288.0,Asiatisch,de,,,10969,Tim Raue,Berlin,False,Tim Raue,52.5070342,13.3933841,2,0,https://guide.michelin.com/de/de/berlin-region/berlin/restaurant/tim-raue,https://tim-raue.com/,geschlossen,18:30-00:00,18:30-00:00,18:30-00:00,18:30-00:00,18:30-00:00,geschlossen,5.0,1,1,1,0,0,0,0,0,0,1
978,284,4,128.0,186.0,Französisch klassisch,de,Baden-Württemberg,Hohenlohekreis,74639,Boris Rommel,Zweiflingen,False,Le Cerf,49.2436455,9.5258355,2,0,https://guide.michelin.com/de/de/baden-wurttemberg/zweiflingen/restaurant/le-cerf83229,https://schlosshotel-friedrichsruhe.de/,,,,,,,,,1,1,1,0,1,0,0,1,0,0
980,287,7,68.0,238.0,Kreativ,de,,,10785,Joachim Gerner,Berlin,False,FACIL,52.5090625,13.3737404,2,0,https://guide.michelin.com/de/de/berlin-region/berlin/restaurant/facil,https://facil.de/de/,geschlossen,geschlossen,geschlossen,geschlossen,geschlossen,geschlossen,geschlossen,0.0,1,1,1,0,0,1,0,0,0,0
984,292,12,160.0,205.0,Kreativ,de,,,10999,Sebastian Frank,Berlin,False,Horváth,52.4963922,13.420793,2,1,https://guide.michelin.com/de/de/berlin-region/berlin/restaurant/horvath,https://www.restaurant-horvath.de/,geschlossen,geschlossen,18:30-20:30,18:30-20:30,18:30-20:30,18:30-20:30,geschlossen,4.0,1,1,1,0,0,1,0,0,0,0
985,293,13,140.0,210.0,Kreativ,de,Niedersachsen,Region Hannover,30159,,Hannover,False,Votum,52.3700128,9.7338212,2,0,https://guide.michelin.com/de/de/niedersachsen/hannover/restaurant/votum,https://vo-tum.de/,geschlossen,18:30-22:00,18:30-22:00,18:30-22:00,18:30-22:00,18:30-22:00,geschlossen,5.0,1,0,1,0,0,1,0,0,0,0
1002,314,14,185.0,275.0,Kreativ,de,Bayern,Landkreis Traunstein,83224,Edip Sigl,Grassau,False,ES:SENZ,47.7856302,12.4656176,2,0,https://guide.michelin.com/de/de/bayern/grassau/restaurant/es-senz,https://www.das-achental.com/,geschlossen,geschlossen,18:30-00:00,18:30-00:00,18:30-00:00,18:30-00:00,geschlossen,4.0,1,0,0,0,0,1,0,0,0,0
1003,315,15,179.0,229.0,Kreativ,de,Schleswig-Holstein,Ostholstein,23758,Christian Scharrer,Weissenhaus,False,Courtier,54.3025337,10.7656888,2,0,https://guide.michelin.com/de/de/schleswig-holstein/weissenhaus/restaurant/courtier,https://www.weissenhaus.de/,geschlossen,19:00-22:00,19:00-22:00,19:00-22:00,19:00-22:00,19:00-22:00,geschlossen,5.0,1,1,1,0,0,1,0,0,0,0
1004,316,16,118.0,238.0,Kreativ,de,,,12047,René Frank,Berlin,False,CODA Dessert Dining,52.4900681,13.4274391,2,0,https://guide.michelin.com/de/de/berlin-region/berlin/restaurant/coda-dessert-dining,https://www.coda-berlin.com/,geschlossen,19:00-00:00,19:00-00:00,19:00-00:00,19:00-00:00,19:00-00:00,geschlossen,5.0,0,0,0,0,0,1,0,0,0,0
1010,323,3,245.0,255.0,Moderne Küche,de,Bayern,,80331,,München,False,Tohru in der Schreiberei,48.137597,11.577475,2,0,https://guide.michelin.com/de/de/bayern/mnchen/restaurant/tohru-in-der-schreiberei,https://schreiberei-muc.de/,19:00-00:00,19:00-00:00,19:00-00:00,19:00-00:00,19:00-00:00,geschlossen,geschlossen,5.0,0,0,0,0,0,0,1,0,0,0
1019,4,4,60.0,185.0,Moderne Küche,lu,,Canton Luxembourg,5331,Cyril Molard,Oetrange,False,Ma Langue Sourit,49.5978074,6.2493973,2,0,https://guide.michelin.com/de/de/luxembourg/oetrange/restaurant/ma-langue-sourit,https://www.mls.lu/fr/,geschlossen,19:00-21:30,19:00-21:30,19:00-21:30,19:00-21:30,19:00-21:30,geschlossen,5.0,0,1,0,0,0,0,1,0,0,0
1025,3,3,55.0,95.0,Bio,nl,Gelderland,,6511 BW,Emile van der Staak,Nijmegen,False,De Nieuwe Winkel,51.8473893,5.8595982,2,1,https://guide.michelin.com/de/de/gelderland/nijmegen/restaurant/de-nieuwe-winkel,https://www.denieuwewinkel.com/,geschlossen,18:00-00:00,18:00-00:00,18:00-00:00,18:00-00:00,18:00-00:00,geschlossen,5.0,1,1,0,0,0,0,0,0,0,1
1030,9,9,62.0,225.0,Regional,nl,Zeeland,,4513 KK,Edwin Vinke,Hoofdplaat,False,De Kromme Watergang,51.3773498,3.6028432,2,0,https://guide.michelin.com/de/de/zeeland/hoofdplaat/restaurant/de-kromme-watergang,https://www.krommewatergang.nl/,geschlossen,geschlossen,18:30-21:00,18:30-21:00,18:30-21:00,18:30-21:00,18:30-21:00,5.0,1,0,1,0,0,0,0,0,0,1
1033,12,12,110.0,185.0,Modern,nl,Noord-Holland,,1012 CP,Bas van Kranen,Amsterdam,False,Flore,52.3676602,4.8942749,2,1,https://guide.michelin.com/de/de/noord-holland/amsterdam/restaurant/flore,https://restaurantflore.com/,geschlossen,geschlossen,19:00-22:00,19:00-22:00,19:00-22:00,19:00-22:00,geschlossen,4.0,0,1,1,0,0,0,1,0,0,0
1034,13,13,110.0,175.0,Französisch modern,nl,Limburg,,6286 AA,,Wittem,False,Julemont,50.8144424,5.9094623,2,0,https://guide.michelin.com/de/de/limburg/wittem/restaurant/chateau-wittem-restaurant-julemont,https://www.chateauwittem.com/,geschlossen,geschlossen,18:00-19:30,18:00-19:30,18:00-19:30,18:00-19:30,geschlossen,4.0,0,0,0,1,0,0,1,1,0,0
1036,15,15,75.0,155.0,Moderne Küche,nl,Noord-Holland,,2042 DA,Roy Eijkelkamp,Overveen,False,De Bokkedoorns,52.39688,4.57934,2,0,https://guide.michelin.com/de/de/noord-holland/overveen/restaurant/de-bokkedoorns,https://www.bokkedoorns.nl/,,,,,,,,,1,0,0,1,0,0,1,0,0,0
1039,18,18,125.0,160.0,Kreativ,nl,Overijssel,,7951 PC,Jarno Eggen,Staphorst,False,De Groene Lantaarn,52.6601173,6.2466765,2,0,https://guide.michelin.com/de/de/overijssel/staphorst/restaurant/de-groene-lantaarn,https://www.degroenelantaarn.com/,geschlossen,geschlossen,geschlossen,18:00-21:00,18:00-21:00,18:00-21:00,18:00-21:00,4.0,1,1,0,0,0,1,0,0,0,0
1052,31,11,125.0,150.0,Kreativ,nl,Overijssel,,8355 AC,Martin Kruithof,Giethoorn,False,De Lindenhof,52.74574,6.08019,2,0,https://guide.michelin.com/de/de/overijssel/giethoorn/restaurant/de-lindenhof,https://restaurantdelindenhof.nl/,geschlossen,geschlossen,18:00-21:00,18:00-21:00,18:00-21:00,18:00-21:00,18:00-21:00,5.0,1,1,1,0,0,1,0,0,0,0
1060,39,19,85.0,225.0,Kreativ,nl,Noord-Brabant,,5591 HN,Jan Sobecki,Heeze,False,Tribeca,51.3793,5.577939,2,0,https://guide.michelin.com/de/de/noord-brabant/heeze/restaurant/tribeca502881,https://restaurant-tribeca.com/,geschlossen,geschlossen,18:30-22:00,18:30-22:00,19:00-22:00,19:00-22:00,geschlossen,4.0,1,1,1,0,0,1,0,0,0,0
1061,40,0,75.0,165.0,Kreativ,nl,Gelderland,,3841 BG,Michel van der Kroft,Harderwijk,False,'t Nonnetje,52.3509952,5.6202128,2,0,https://guide.michelin.com/de/de/gelderland/harderwijk/restaurant/t-nonnetje,https://www.hetnonnetje.nl/,geschlossen,geschlossen,18:00-21:00,18:00-21:00,18:30-23:45,18:30-21:00,geschlossen,4.0,1,1,0,0,0,1,0,0,0,0
1066,45,5,105.0,175.0,Kreativ,nl,Noord-Brabant,,5671 CZ,Soenil Bahadoer,Nuenen,False,De Lindehof,51.4765594,5.5547065,2,0,https://guide.michelin.com/de/de/noord-brabant/nuenen/restaurant/de-lindehof,https://restaurant-delindehof.com/,18:30-20:00,geschlossen,geschlossen,18:30-20:00,19:00-20:00,18:30-20:00,19:00-20:00,5.0,1,1,0,0,0,1,0,0,0,0
1088,69,9,95.0,170.0,Kreativ,nl,Noord-Brabant,,5582 VB,Dick Middelweerd,Waalre,False,De Treeswijkhoeve,51.3780193,5.4693081,2,0,https://guide.michelin.com/de/de/noord-brabant/waalre/restaurant/de-treeswijkhoeve,https://www.treeswijkhoeve.nl/nl,geschlossen,geschlossen,18:30-22:00,18:30-22:00,18:30-22:00,12:00-00:00,12:00-13:30,5.0,1,1,0,0,0,1,0,0,0,0
1094,76,16,165.0,380.0,Moderne Küche,nl,Zeeland,,4416 NA,Jannis Brevet,Kruiningen,False,Inter Scaldes,51.4571608,4.0241076,3,0,https://guide.michelin.com/de/de/zeeland/kruiningen/restaurant/inter-scaldes,https://www.interscaldes.nl,,,,,,,,,1,0,0,0,0,0,1,0,1,0
1096,78,18,84.0,188.0,Französisch kreativ,nl,Zuid-Holland,,3011 XT,Fred Mustert,Rotterdam,False,Fred,51.9162456,4.4894221,2,0,https://guide.michelin.com/de/de/zuid-holland/rotterdam/restaurant/fred,https://www.restaurantfred.nl/,18:30-01:00,18:30-01:00,18:30-01:00,18:30-01:00,18:30-01:00,18:30-01:00,geschlossen,6.0,1,1,0,0,0,1,0,1,0,0
1099,81,1,79.0,149.0,Kreativ,nl,Noord-Holland,,1185 TS,Stefan van Sprang,Amstelveen,False,Aan de Poel,52.2997964,4.8447563,2,0,https://guide.michelin.com/de/de/noord-holland/amstelveen/restaurant/aan-de-poel,https://aandepoel.nl/,geschlossen,18:00-23:00,18:00-23:00,18:00-23:00,18:30-23:00,16:00-23:00,geschlossen,5.0,0,0,0,1,0,1,0,0,0,0
1102,84,4,205.0,595.0,Kreativ,nl,Noord-Holland,,1073 AP,,Amsterdam,False,Ciel Bleu,52.3486359,4.8928264,2,0,https://guide.michelin.com/de/de/noord-holland/amsterdam/restaurant/ciel-bleu,https://www.cielbleu.nl/,geschlossen,18:30-00:00,18:30-00:00,18:30-00:00,18:30-00:00,18:30-00:00,geschlossen,5.0,1,0,0,1,0,1,0,0,0,0
1109,91,11,220.0,228.0,Kreativ,nl,Noord-Holland,,1017 AH,Richard van Oostenbrugge,Amsterdam,False,Restaurant 212,52.365884,4.9003151,2,0,https://guide.michelin.com/de/de/noord-holland/amsterdam/restaurant/restaurant-212,https://212.amsterdam/,geschlossen,18:30-21:00,18:30-21:00,18:30-21:00,18:30-21:00,18:30-21:00,geschlossen,5.0,1,0,0,0,0,1,0,0,0,0
1114,96,16,200.0,210.0,Kreativ,nl,Noord-Holland,,1017 CG,Sidney Schutte,Amsterdam,False,Spectrum,52.36478,4.89701,2,0,https://guide.michelin.com/de/de/noord-holland/amsterdam/restaurant/spectrum437663,https://www.restaurantspectrum.com/,,,,,,,,,1,1,0,0,0,1,0,0,0,0
1118,101,1,125.0,302.0,Kreativ,nl,Noord-Holland,,1018 VA,Dennis Kuipers,Amsterdam,False,Vinkeles,52.3692878,4.8839959,2,0,https://guide.michelin.com/de/de/noord-holland/amsterdam/restaurant/vinkeles,https://www.vinkeles.com/,geschlossen,19:00-21:30,19:00-21:30,19:00-21:30,19:00-21:30,19:00-21:30,geschlossen,5.0,0,1,0,0,0,1,0,0,0,0
1125,108,8,49.0,180.0,Moderne Küche,nl,Zuid-Holland,,3016 GL,Erik van Loo,Rotterdam,False,Parkheuvel,51.903823,4.4715943,2,0,https://guide.michelin.com/de/de/zuid-holland/rotterdam/restaurant/parkheuvel,https://www.parkheuvel.nl/,18:30-22:00,geschlossen,18:30-22:00,18:30-22:00,18:30-22:00,18:30-22:00,12:30-16:00,6.0,1,1,0,1,0,0,1,0,0,0
1128,112,12,150.0,210.0,Kreativ,nl,Limburg,,6274 NK,Hans van Wolde,Reijmerstok,False,Brut172,50.7967588,5.836146,2,0,https://guide.michelin.com/de/de/limburg/reijmerstok/restaurant/brut172,https://www.brut172.com/,,,,,,,,,1,0,0,0,0,1,0,0,0,0
1132,116,16,100.0,210.0,Kreativ,nl,Zuid-Holland,,3032 AE,François Geurds,Rotterdam,False,FG - François Geurds,51.9265521,4.4795369,2,0,https://guide.michelin.com/de/de/zuid-holland/rotterdam/restaurant/fg-francois-geurds,https://www.fgrestaurant.nl/,geschlossen,geschlossen,geschlossen,18:30-20:30,19:00-21:00,19:00-21:00,geschlossen,3.0,1,1,0,0,0,1,0,0,0,0
1141,5,5,75.39999999999999,203.0,Französisch modern,gb,England,,W1F 7BN,,London,False,Alex Dilling at Hotel Café Royal,51.5100201,-0.1359557,2,0,https://guide.michelin.com/de/de/greater-london/london/restaurant/alex-dilling-at-hotel-cafe-royal,http://www.alexdilling.com,11:00-21:00,11:00-21:00,11:00-21:00,11:00-21:00,11:00-21:00,11:00-21:00,11:00-21:00,7.0,0,1,1,0,0,0,1,1,0,0
1154,23,3,191.4,226.2,Moderne Küche,gb,England,,W11 2AD,,London,False,The Ledbury,51.516681,-0.2000731,2,0,https://guide.michelin.com/de/de/greater-london/london/restaurant/the-ledbury,http://www.theledbury.com,geschlossen,18:00-21:15,18:00-21:15,18:00-21:15,18:00-21:15,18:00-21:15,geschlossen,5.0,1,0,0,0,0,0,1,0,0,0
1155,24,4,179.79999999999998,249.4,Kreativ,gb,England,,E2 9NF,Rafael Cagali,London,False,Da Terra,51.530411,-0.05607,2,0,https://guide.michelin.com/de/de/greater-london/london/restaurant/da-terra,https://daterra.co.uk/,geschlossen,geschlossen,18:30-20:00,18:30-20:00,18:30-20:00,18:30-20:00,geschlossen,4.0,0,1,0,0,0,1,0,0,0,0
1156,26,6,139.2,185.6,Chinesisch,gb,England,,SW1V 1HP,Andrew Wong,London,False,A. Wong,51.4930091,-0.1406558,2,0,https://guide.michelin.com/de/de/greater-london/london/restaurant/a-wong,https://www.awong.co.uk/,geschlossen,17:30-22:30,17:30-22:30,17:30-22:30,17:30-22:30,17:30-22:30,geschlossen,5.0,0,0,0,0,0,0,0,0,0,1
1158,28,8,237.8,266.79999999999995,Französisch,gb,England,Oxfordshire,OX44 7PD,Raymond Blanc OBE,Great Milton,False,"Le Manoir aux Quat' Saisons, a Belmond Hotel",51.7169058,-1.0915663,2,1,https://guide.michelin.com/de/de/oxfordshire/great-milton/restaurant/belmond-le-manoir-aux-quat-saisons,https://www.belmond.com/hotels/europe/uk/oxfordshire/belmond-le-manoir-aux-quat-saisons/dining,,,,,,,,,1,1,1,0,0,0,0,1,0,0
1167,40,0,145.0,290.0,Französisch modern,gb,England,,W1S 2XD,Pierre Gagnaire,London,False,Sketch (The Lecture Room & Library),51.5126775,-0.1415369,3,0,https://guide.michelin.com/de/de/greater-london/london/restaurant/sketch-the-lecture-room-library,https://sketch.london/,09:00-00:00,09:00-00:00,09:00-00:00,09:00-02:00,09:00-02:00,09:00-02:00,09:00-00:00,7.0,1,1,0,0,0,0,1,1,1,0
1178,55,15,150.79999999999998,290.0,Kreativ,gb,England,Cambridgeshire,CB4 1HA,Daniel Clifford,Cambridge,False,Midsummer House,52.2120545,0.1284006,2,0,https://guide.michelin.com/de/de/cambridgeshire/cambridge/restaurant/midsummer-house,https://midsummerhouse.co.uk/,geschlossen,geschlossen,18:30-20:30,18:30-20:30,18:30-20:30,18:30-20:30,geschlossen,4.0,1,0,0,0,0,1,0,0,0,0
1183,62,2,174.0,243.6,Französisch,gb,England,,W1K 1QA,Jean-Philippe Blondet,London,False,Alain Ducasse at The Dorchester,51.5073381,-0.152575,3,0,https://guide.michelin.com/de/de/greater-london/london/restaurant/alain-ducasse-at-the-dorchester,https://www.alainducasse-dorchester.com/,geschlossen,18:00-21:30,18:00-21:30,18:00-21:30,18:00-21:30,18:00-21:30,geschlossen,5.0,1,1,1,0,0,0,0,1,1,0
1186,66,6,98.6,214.6,Moderne Küche,gb,England,,W1K 3AW,Hélène Darroze,London,False,Hélène Darroze at The Connaught,51.510188,-0.1492905,3,0,https://guide.michelin.com/de/de/greater-london/london/restaurant/helene-darroze-at-the-connaught,https://www.the-connaught.co.uk/restaurants-bars/helene-darroze-at-the-connaught/,geschlossen,18:30-21:00,18:30-21:00,18:30-21:00,18:30-21:00,18:30-21:00,geschlossen,5.0,1,1,0,0,0,0,1,0,1,0
1187,67,7,150.79999999999998,208.8,Französisch,gb,England,,W1K 2BW,Michel Roux Jnr,London,False,Le Gavroche,51.5112997,-0.1552575,2,0,https://guide.michelin.com/de/de/greater-london/london/restaurant/le-gavroche,https://www.le-gavroche.co.uk/,geschlossen,17:00-21:15,17:00-21:15,17:00-21:15,17:00-21:15,17:00-21:15,geschlossen,5.0,1,1,0,0,0,0,0,1,0,0
1191,73,13,145.0,191.4,Französisch modern,gb,Alba / Scotland,Perth and Kinross,PH3 1NF,Stephen McLaughlin,Auchterarder,False,Andrew Fairlie at Gleneagles,56.2832316,-3.7517344,2,0,https://guide.michelin.com/de/de/perth-and-kinross/auchterarder/restaurant/andrew-fairlie-at-gleneagles,https://www.andrewfairlie.co.uk/,,,,,,,,,0,1,1,0,0,0,1,1,0,0
1195,78,18,290.0,371.2,Britisch modern,gb,England,Darlington,DL2 3UD,James Close,Summerhouse,False,Raby Hunt,54.5665058,-1.6893656,2,0,https://guide.michelin.com/de/de/darlington-region/summerhouse/restaurant/raby-hunt,https://rabyhuntrestaurant.co.uk/,geschlossen,geschlossen,18:00-20:00,18:00-20:00,18:00-20:00,18:00-20:00,geschlossen,4.0,0,0,0,0,0,0,1,0,0,0
1199,84,4,319.0,435.0,Kreativ,gb,England,Windsor and Maidenhead,SL6 2AA,Edward Cooke,Bray,False,Fat Duck,51.5078582,-0.7017529,3,0,https://guide.michelin.com/de/de/windsor-and-maidenhead/bray/restaurant/fat-duck,https://thefatduck.co.uk/,geschlossen,18:00-20:15,18:00-20:15,18:00-20:15,18:00-20:15,18:00-20:15,geschlossen,5.0,1,0,0,0,0,1,0,0,1,0
1231,133,13,208.8,348.0,Kreativ,gb,England,,WC2R 1EA,Jeremy Chan,London,False,Ikoyi,51.51242,-0.11511,2,0,https://guide.michelin.com/de/de/greater-london/london/restaurant/ikoyi,https://ikoyilondon.com/,,,,,,,,,0,0,1,0,0,1,0,0,0,0
1233,137,17,179.79999999999998,226.2,Kreativ,gb,England,,EC2A 3AY,Isaac McHale,London,False,The Clove Club,51.5271054,-0.0793371,2,0,https://guide.michelin.com/de/de/greater-london/london/restaurant/the-clove-club,https://www.thecloveclub.com/,geschlossen,18:30-23:00,18:30-23:00,18:30-23:00,18:30-23:00,18:30-23:00,geschlossen,5.0,1,1,0,0,0,1,0,0,0,0
1239,144,4,145.0,226.2,Französisch,gb,England,,SW3 6HG,Claude Bosi,London,False,Claude Bosi at Bibendum,51.4933623,-0.1688013,2,0,https://guide.michelin.com/de/de/greater-london/london/restaurant/claude-bosi-at-bibendum,https://claudebosi.com/,12:00-23:30,12:00-23:30,12:00-23:30,12:00-23:30,12:00-23:30,12:00-23:30,12:00-23:30,7.0,1,1,0,0,0,0,0,1,0,0
1243,153,13,133.39999999999998,261.0,Britisch kreativ,gb,England,Lancashire,L39 6RR,Mark Birchall,Aughton,False,Moor Hall,53.5423365,-2.8919183,2,1,https://guide.michelin.com/de/de/lancashire/aughton/restaurant/moor-hall,https://moorhall.com/,geschlossen,geschlossen,18:00-21:00,18:00-21:00,18:00-21:00,18:00-21:00,12:00-18:30,5.0,1,1,1,0,0,1,0,0,0,0
1247,158,18,168.2,249.4,Britisch modern,gb,England,,W11 2PW,Clare Smyth MBE,London,False,CORE by Clare Smyth,51.5126689,-0.2030649,3,0,https://guide.michelin.com/de/de/greater-london/london/restaurant/core-by-clare-smyth,https://www.corebyclaresmyth.com/,geschlossen,18:30-22:00,18:30-22:00,12:00-22:00,12:00-22:00,12:00-22:00,geschlossen,5.0,1,0,0,0,0,0,1,0,1,0
1251,164,4,113.68,226.2,Französisch modern,gb,England,,EC3N 4AJ,Marc Mantovani,London,False,La Dame de Pic London,51.5101629,-0.0779535,2,0,https://guide.michelin.com/de/de/greater-london/london/restaurant/la-dame-de-pic,https://www.ladamedepiclondon.co.uk/,geschlossen,18:00-21:00,18:00-21:00,18:00-21:00,18:00-21:00,18:30-21:00,geschlossen,5.0,1,1,1,0,0,0,1,1,0,0
1255,168,8,156.6,255.2,Französisch,gb,England,,SW3 4JJ,Matt Abé,London,False,Restaurant Gordon Ramsay,51.4854381,-0.1621766,3,0,https://guide.michelin.com/de/de/greater-london/london/restaurant/restaurant-gordon-ramsay,https://www.gordonramsayrestaurants.com/restaurant-gordon-ramsay/,geschlossen,18:00-23:00,18:00-23:00,18:00-23:00,18:00-23:00,18:00-23:00,geschlossen,5.0,1,1,0,0,0,0,0,1,1,0
1262,176,16,208.8,272.6,Französisch klassisch,gb,England,Windsor and Maidenhead,SL6 2AT,Alain Roux,Bray,False,Waterside Inn,51.5091092,-0.6994376,3,0,https://guide.michelin.com/de/de/windsor-and-maidenhead/bray/restaurant/waterside-inn,https://www.waterside-inn.co.uk/,,,,,,,,,1,1,0,1,1,0,0,1,1,0
